PCA_Type,MT_e1,MT_f4,MT_a2,MT_b5,MT_a3,MT_b6,MT_ae2,MT_a8,MT_b10,MT_c8,MT_d10,MT_SDDD,MT_c7,MT_d9,MT_ae3,MT_ae7,MT_c2,MT_d5,MT_a1,MT_b4,MT_a7,MT_b9,MT_BpGL,MT_BatfGL,MT_BdGL
Non-draught cattle,0.672138623,0.624878993,0.793233083,0.794960304,0.903464383,0.858367499,0.289473684,0.887571702,0.854545455,0.91625239,0.866419295,0.989530988,1.091571754,1.11936721,0.329700272,0.385876993,0.818865345,0.806006213,1.058367533,1.114714424,1.057403189,1.104026846,0.216018957,0.221137441,0.235118483
Non-draught cattle,0.680655476,0.605004102,0.78753217,0.756818182,0.914039164,0.848948375,0.300543323,0.891550664,0.818684696,0.876982842,0.798094653,1.118537666,1.023422743,1.132083697,0.348821772,0.397053268,0.774663998,0.737784091,1.100719424,1.092698934,1.040423121,1.161290323,0.240649351,0.220822511,0.245670996
Non-draught cattle,0.681741336,0.614096916,0.796641791,0.800315457,0.932653804,0.864100817,0.295087065,0.890820584,0.836189848,0.878998609,0.807185234,1.188348821,1.019766035,1.132223763,0.345467783,0.382815651,0.786069652,0.772555205,1.082840237,1.117621145,1.033481242,1.172907998,0.237752294,0.240366972,0.252155963
Non-draught cattle,0.69515885,0.641980198,0.806030734,0.774688677,0.910878113,0.850826972,0.273122644,0.897063569,0.827660891,0.8583414,0.819616337,1.01874574,0.974002197,1.058330004,0.308650066,0.344928598,0.77123804,0.767158992,1.051437216,1.059405941,1.017942146,1.068717539,0.217559055,0.212834646,0.228425197
Non-draught cattle,0.651874785,0.621044886,0.851691475,0.780744337,0.950181159,0.850719953,0.338836265,0.922603342,0.819185059,0.935209616,0.855121675,1.090935252,1.036387264,1.121335807,0.378019324,0.406757635,0.863328823,0.814994606,1.08255934,1.065121413,1.022417154,1.074211503,0.231269231,0.250961538,0.252384615
Non-draught cattle,0.639784946,0.628862232,0.829865683,0.808958446,0.903383028,0.864226002,0.328417171,0.934737467,0.834400223,0.946010086,0.841914834,1.126045573,1.012059664,1.091663659,0.357511468,0.395747382,0.839873584,0.816243929,1.058803763,1.089785533,1,1.081919885,0.22,0.239379845,0.25755814
Non-draught cattle,0.639740968,0.609187279,0.768938434,0.717664821,0.874135945,0.775843308,0.293387383,0.854207712,0.766048885,0.85026738,0.792640344,1.129580768,1.00132582,1.060366511,0.333525346,0.383824992,0.765391437,0.742576749,1.034423995,1.007773852,1.005966192,1.024793388,0.228867188,0.228554688,0.247070313
Non-draught cattle,0.667403315,0.565299924,0.79038569,0.72289823,0.868283697,0.784043191,0.283957518,0.867750844,0.777513385,0.87910402,0.814396193,1.090166612,1.047149123,1.051459293,0.311943506,0.371345029,0.800726663,0.757190265,1.041620626,0.992406986,1.033625731,1.003840246,0.220199203,0.209681275,0.232788845
Non-draught cattle,0.656685948,0.663345196,0.810550936,0.810404014,0.884571753,0.860869565,0.308991684,0.87883911,0.837380628,0.873767258,0.851023192,1.183577713,1.040604027,1.060884354,0.337209302,0.398993289,0.805873181,0.823607077,1.061245322,1.092170819,1.046644295,1.043877551,0.265643154,0.246721992,0.27406639
Non-draught cattle,0.722984276,0.672008547,0.833716475,0.807919774,0.941176471,0.88606881,0.281736909,0.937931034,0.852183347,0.932471264,0.854353133,1.166283745,1.043743969,1.144622093,0.31805075,0.354776455,0.828863346,0.809976858,1.092004015,1.118945869,1.049855259,1.141715116,0.234960938,0.241054688,0.266523438
Non-draught cattle,0.732301613,0.644746247,0.872313527,0.803324808,0.990809879,0.886787126,0.309987358,0.979279024,0.845946674,0.948339483,0.841906814,1.246852932,1.053278689,1.106548673,0.352096496,0.386506936,0.844753477,0.799488491,1.135989463,1.122587563,1.087641866,1.111858407,0.216539924,0.22365019,0.262889734
Non-draught cattle,0.680928209,0.687843137,0.82925488,0.822309417,0.924302789,0.890980869,0.312895243,0.933457134,0.863449088,0.917363045,0.827839906,1.133373385,1.034554974,1.097113885,0.348758811,0.397207679,0.814957382,0.788396861,1.093546048,1.150588235,1.052705061,1.144305772,0.233346774,0.233508065,0.253669355
Non-draught cattle,0.680681818,0.663174859,0.800447177,0.808340474,0.906329114,0.863594751,0.298211291,0.896400626,0.826036194,0.913302034,0.827495622,1.064526383,1.101132075,1.126788553,0.337658228,0.402641509,0.815539407,0.809768638,1.084848485,1.140209508,1.080754717,1.124801272,,,
Non-draught cattle,0.646590516,0.641474991,0.764864138,0.733245033,0.851707609,0.777746558,0.262308313,0.860472155,0.783913905,0.858050847,0.783913905,0.971742543,0.975903614,0.989631748,0.292091072,0.335628227,0.762711864,0.733245033,0.984077535,1.010587806,0.978657487,0.989631748,0.218647541,0.22557377,0.246147541
Non-draught cattle,0.709600948,0.632115548,0.837118948,0.805461798,0.937730164,0.867768595,0.300358637,0.947564276,0.848142165,0.941474966,0.832956381,1.141829394,1.05297011,1.105963106,0.336457985,0.380249716,0.83173939,0.791040196,1.106677203,1.115123195,1.059780552,1.126126126,0.205691057,0.20004065,0.234715447
Non-draught cattle,0.623632385,0.641084383,0.774667029,0.750421112,0.869167429,0.796009529,0.309866812,0.873161765,0.779754959,0.864276961,0.784130688,1.126403593,1.004987531,1.055773763,0.347666972,0.406127538,0.766784452,0.754632229,1.039387309,1.020618557,1.015318846,1.049882168,0.221968504,0.20976378,0.232637795
Non-draught cattle,0.681296144,0.631151048,0.80608927,0.757439134,0.951168469,0.847628658,0.315104936,0.954497725,0.843373494,0.947497375,0.837349398,1.091576372,1.093737374,1.082648204,0.371817231,0.430707071,0.800177357,0.752028855,1.118539787,1.07830552,1.101818182,1.09043704,0.20846473,0.205435685,0.226639004
Non-draught cattle,0.67944664,0.637952559,0.76970547,0.740920789,0.890909091,0.805158484,0.287517532,0.883451384,0.807668329,0.876690277,0.788029925,1.069808028,1.030658592,1.073916737,0.332792208,0.387963664,0.763814867,0.722905347,1.08458498,1.078235539,1.038607116,1.100679694,0.231721311,0.213811475,0.23057377
Non-draught cattle,0.62173913,0.659970782,0.805264503,0.799843219,0.909904707,0.81193634,0.330181446,0.883870968,0.81517976,0.861430575,0.793608522,1.006504525,0.970300158,1.101256467,0.373086919,0.40821485,0.784819831,0.778677816,1.053846154,1.117969321,0.995576619,1.131189948,,,
Non-draught cattle,0.663558374,0.630333592,0.821193945,0.79291631,0.909522303,0.858645221,0.313053413,0.898156826,0.827175209,0.870040612,0.836114422,1.044217687,0.996422182,1.101255887,0.34672572,0.392128801,0.795487004,0.80148529,1.072361059,1.076803724,1.02862254,1.089481947,,,
Non-draught cattle,0.648003132,0.611769514,0.764926449,0.744493392,0.878727634,0.810681164,0.287568503,0.8743818,0.776178812,0.879327399,0.762706675,1.06210976,1.012144213,1.016319869,0.330351226,0.378368121,0.769252956,0.731571219,1.038371182,1.035962403,1.006451613,1.034271726,0.211314741,0.204621514,0.220796813
Non-draught cattle,0.687374077,0.604570637,0.787878788,0.772038739,0.884158142,0.839136302,0.283567381,0.875205255,0.828624733,0.883689108,0.83075693,1.113273308,1.035267714,1.094068094,0.318219519,0.369028535,0.795516137,0.774025329,1.073875084,1.076523546,1.025328631,1.091260091,0.258134921,0.252261905,0.266428571
Non-draught cattle,0.661846023,0.623399558,0.79854292,0.76111817,0.894288755,0.814965986,0.30566994,0.888301621,0.782750735,0.867512333,0.753021888,1.052180395,0.993944287,1.042986425,0.342319972,0.389584174,0.779854292,0.732210928,1.072309655,1.057836645,1.017763423,1.084162896,0.203203463,0.210519481,0.225887446
Non-draught cattle,0.740956341,0.63716443,0.812480401,0.817073171,0.892524974,0.879501851,0.253684541,0.899965266,0.841004184,0.86488364,0.807209527,1.032600733,1.006874242,1.078245916,0.27867723,0.327133037,0.780809031,0.78424015,1.077338877,1.096057047,1.047715326,1.12338779,0.232564103,0.217136752,0.236196581
Non-draught cattle,0.669217391,0.623640828,0.764631366,0.744407303,0.863766457,0.796642818,0.277172536,0.857630009,0.784340287,0.84228474,0.780547277,1.082994049,0.988659106,1.029296177,0.313108185,0.36490994,0.750950089,0.740807406,1.04973913,1.015433181,1.006671114,1.034297964,0.23454902,0.229686275,0.25
Non-draught cattle,0.636396527,0.674606379,0.780657748,0.771330078,0.862642439,0.814623786,0.290412486,0.869605713,0.804856115,0.865880161,0.8132494,1.117245658,1.016029144,1.075733545,0.320911611,0.379599271,0.777313266,0.779373743,1.013386397,1.083972547,1.020400729,1.064631245,0.213574297,0.225180723,0.241566265
Non-draught cattle,0.686360567,0.643006263,0.796906694,0.784194529,0.907070707,0.842219804,0.281440162,0.903940178,0.810683425,0.896462468,0.808326787,1.062975981,1.013988289,1.085824833,0.32034632,0.361093038,0.790314402,0.781914894,1.06110736,1.077244259,1.022446324,1.088990503,,,
Non-draught cattle,0.669724771,0.664677359,0.768771755,0.763640999,0.885198969,0.845567476,0.278717056,0.893899971,0.820772814,0.891008962,0.814469718,1.08504222,1.033534541,1.103192279,0.320927569,0.3759222,0.76628543,0.757776645,1.05062861,1.117120477,1.036887995,1.11172977,,,
Non-draught cattle,0.667489204,0.643486778,0.757136485,0.744186047,0.882505849,0.84232047,0.274531668,0.870066632,0.806262231,0.874167094,0.78204501,1.121891227,1.013368984,1.059661916,0.319989602,0.365715983,0.760704728,0.721833371,1.047193091,1.076069213,1.008615567,1.09247597,0.246459854,0.254233577,0.259452555
Non-draught cattle,0.6799591,0.652142073,0.798139054,0.778476041,0.879521504,0.838173104,0.282501938,0.874292186,0.808319739,0.867497169,0.796900489,1.144404332,1.022355689,1.070489408,0.31130732,0.364698031,0.791935901,0.767478397,1.052488071,1.08861223,1.030363697,1.085829072,0.246072874,0.243846154,0.264574899
Non-draught cattle,0.619620825,0.588494184,0.765255009,0.766002845,0.855433953,0.799554566,0.296448087,0.843201204,0.768370987,0.842699448,0.777883472,1.023003702,0.978159581,1.034799114,0.331382031,0.37914968,0.764799636,0.775486012,1.01143545,1.015718328,0.978741992,1.022144891,0.266171875,0.2684375,0.276796875
Non-draught cattle,0.650814766,0.588360539,0.787462537,0.793785311,0.867400275,0.868014603,0.298701299,0.862889984,0.83880597,0.86863711,0.834464043,1.05840046,1.02486277,1.104922745,0.329023384,0.386180174,0.792707293,0.789676425,1.048553375,1.096877218,1.018082015,1.110671937,0.244638783,0.237680608,0.254486692
Non-draught cattle,0.634173462,0.60881877,0.769145701,0.782757636,0.865857454,0.84187903,0.296101742,0.84482235,0.808611029,0.830549651,0.798584488,1.065937707,1.002565982,1.06866614,0.333333333,0.392595308,0.756151507,0.77305167,1.031134173,1.109223301,1.019794721,1.082083662,0.228851064,0.237531915,0.249021277
Non-draught cattle,0.625226531,0.612678779,0.781068364,0.757379814,0.886584983,0.834831112,0.303625796,0.886306533,0.815128593,0.854585427,0.760060514,1.04676259,1.001472212,1.006813627,0.344643418,0.403754141,0.753113756,0.706213101,1.02283436,1.041360649,1.038645565,1.079759519,0.214054054,0.202895753,0.229073359
Non-draught cattle,0.713140467,0.616422513,0.833704116,0.795501022,0.93221393,0.891325696,0.264738598,0.927025356,0.835788828,0.906617192,0.836402701,1.010519988,0.980274156,1.050096339,0.2960199,0.318288198,0.815350389,0.796085305,1.044963402,1.049730146,1.002340354,1.049325626,,,
Non-draught cattle,0.690729483,0.608971814,0.772162386,0.750069657,0.864831426,0.811576726,0.270091135,0.855831038,0.793398173,0.845423936,0.803418803,1.239291465,1.013206163,1.060287826,0.302505413,0.358767425,0.762772715,0.759543048,1.06231003,1.068678047,1.02567865,1.047063399,0.23789272,0.225555556,0.227547893
Non-draught cattle,0.698866703,0.578037904,0.81734104,0.756525127,0.924989097,0.840328862,0.318304432,0.905636208,0.826031476,0.903074295,0.851977882,1.181818182,1.084059457,1.253441802,0.360226777,0.423372629,0.815028902,0.780288274,1.144630329,1.082497213,1.087134803,1.215269086,0.222189349,0.251656805,0.264142012
Non-draught cattle,0.657480315,0.611111111,0.781289507,0.7274442,0.890810811,0.815075731,0.306257901,0.88034188,0.791652412,0.888532764,0.809784468,1.169543537,1.04699958,1.062864841,0.349189189,0.406630298,0.788558786,0.744105627,1.081364829,1.045167118,1.037347881,1.039066008,0.213243243,0.222612613,0.23545045
Non-draught cattle,0.703343208,0.669959587,0.796140678,0.779530093,0.901021486,0.841849148,0.278867102,0.903567644,0.822410866,0.886965736,0.807809847,1.063765941,1.050188206,1.072587917,0.315604086,0.374738603,0.781512605,0.765690377,1.082522218,1.087561742,1.069845253,1.091974752,0.217761905,0.214190476,0.255142857
Non-draught cattle,0.768448962,0.702275894,0.832465843,0.851615074,0.992629946,0.959438969,0.266753416,1.033521809,0.925411335,0.990306947,0.858866545,1.026151444,1.046075085,1.074074074,0.318076028,0.349829352,0.797657775,0.790376851,1.130799823,1.175568974,1.091723549,1.157293096,,,
Non-draught cattle,0.768383972,0.633378933,0.800191205,0.774951076,0.927937916,0.87385068,0.244104525,0.926910299,0.832224168,0.877814692,0.809457093,1.095764273,0.979003705,1.064486412,0.283074649,0.315356114,0.757807521,0.753750815,1.105680317,1.083447332,1.033758748,1.094426532,0.242789474,0.248736842,0.275052632
Non-draught cattle,0.645249487,0.637418419,0.757743641,0.758973015,0.869904597,0.826769406,0.282296651,0.835601222,0.78002154,0.863926687,0.795638126,1.170919152,1.028429752,1.017211704,0.324082105,0.370578512,0.783429867,0.774168195,1.02836637,1.05039884,0.994710744,0.997246127,0.243055556,0.248730159,0.25015873
Non-draught cattle,0.657534247,0.626854317,0.757559958,0.740026774,0.861803084,0.833031947,0.269551616,0.857733176,0.821396731,0.85566706,0.802674591,1.105693519,0.983378562,1.040446841,0.306642942,0.350746269,0.755735141,0.723159304,1.020723569,1.051350323,0.985753053,1.064714946,0.238059072,0.237848101,0.259535865
Non-draught cattle,0.656889232,0.656752412,0.708481047,0.71336689,0.797666564,0.75518058,0.244341424,0.799876847,0.744600117,0.802339901,0.723292469,1.096851472,1.009686168,1.04822335,0.275099785,0.347152267,0.710662667,0.69295302,1.00270166,1.025321543,1.006586594,1.079103215,0.207935223,0.203360324,0.224251012
Non-draught cattle,0.675565443,0.592316739,0.785437431,0.740079365,0.891857906,0.80018388,0.281007752,0.888227927,0.771572104,0.886975579,0.775413712,1.182708544,1.006036932,1.017843289,0.31908205,0.360440341,0.784330011,0.743764172,1.051909529,1.023520188,1.007457386,1.012800621,0.197346154,0.218269231,0.227576923
Non-draught cattle,0.629038536,0.598807157,0.783146391,0.757435749,0.895429135,0.827183854,0.318377912,0.887548892,0.803369066,0.864732725,0.807350689,1.073208244,0.995497186,1.071109305,0.364024992,0.415384615,0.763014093,0.76118972,1.059945504,1.042942346,1.021763602,1.0658269,0.206803279,0.224713115,0.23045082
Non-draught cattle,0.622415669,0.587812263,0.777967549,0.760850819,0.867068528,0.819251006,0.289496157,0.857546282,0.795133674,0.839974898,0.796936017,1.109834404,0.975938753,1.028693292,0.322652284,0.370761939,0.762026758,0.762575453,0.991294886,1.001892506,0.996354357,1.026366809,0.20560166,0.225975104,0.241410788
Non-draught cattle,0.668667917,0.657736905,0.778209038,0.778881635,0.897091723,0.858036273,0.28416967,0.893095768,0.832019406,0.842188991,0.795027289,1.083952212,1.015343306,1.050480769,0.327580697,0.393172229,0.733850846,0.744252058,1.053283302,1.097161136,1.076716532,1.099358974,0.238468085,0.248297872,0.253787234
Non-draught cattle,0.673442907,0.643282898,0.794847328,0.760812582,0.908396947,0.825159915,0.299618321,0.87776607,0.799586777,0.884088514,0.803374656,1.080735412,1.070608252,1.026396832,0.342420938,0.400680561,0.800572519,0.764416776,1.080882353,1.064649243,1.062951935,1.021557413,0.207235023,0.203870968,0.239308756
Non-draught cattle,0.667542214,0.609172078,0.759553696,0.733468677,0.86526851,0.785647717,0.263319386,0.851203501,0.753800298,0.839637387,0.750223547,1.144794846,0.991509782,1.066977533,0.299968224,0.348468069,0.749232915,0.729988399,1.021763602,1.02637987,1.005167959,1.072064434,,,
Non-draught cattle,0.690768691,0.719568567,0.778853503,0.782915361,0.91199284,0.855064194,0.277452229,0.903903016,0.81065729,0.920165582,0.822017852,1.251606979,1.028080608,1.131001116,0.324880668,0.359762141,0.792866242,0.793887147,1.073008073,1.154468413,1.009910803,1.115370301,0.239593496,0.229756098,0.267073171
Non-draught cattle,0.645363409,0.653553867,0.755180108,0.725821896,0.845467523,0.780638517,0.262671342,0.836806782,0.762575453,0.825150124,0.733400402,1.157120127,0.966887417,0.940240757,0.29407566,0.341059603,0.744660504,0.698052984,0.989557226,1.016540009,0.980546358,0.977644024,0.224202899,0.225507246,0.24236715
Non-draught cattle,0.692684634,0.658473955,0.822502685,0.8,0.926497278,0.849795441,0.291084855,0.910523187,0.824263039,0.884958383,0.812641723,1.180423443,1.008468835,1.060281065,0.327888687,0.367208672,0.799409237,0.78872077,1.072103605,1.06676449,1.037601626,1.075443787,0.24695279,0.249742489,0.273090129
Non-draught cattle,0.627600849,0.604306864,0.766784452,0.76182708,0.862044059,0.823633157,0.292001285,0.853109364,0.783031522,0.847390994,0.768947015,1.10488177,0.987094088,1.024575514,0.328277356,0.378434638,0.761644716,0.74812398,1.01358811,1.047554957,0.993755204,1.04334227,0.196950673,0.206098655,0.228430493
Non-draught cattle,0.704624782,0.635191156,0.78688,0.768803139,0.89711784,0.84843017,0.27008,0.87790075,0.843559383,0.857193859,0.827771798,0.997724687,1.085933967,0.963659148,0.307916819,0.381727725,0.76832,0.75441465,1.072862129,1.082911101,1.112166441,0.982038429,0.203688889,0.211066667,0.2304
Non-draught cattle,0.660932722,0.665473349,0.809400974,0.81042516,0.913324709,0.877641123,0.313843508,0.908915352,0.851851852,0.898616028,0.836547291,1.149421488,1.046476762,1.065497076,0.354139715,0.41041979,0.800229292,0.795864881,1.079510703,1.107000796,1.058470765,1.084990253,0.228418803,0.239487179,0.257179487
Non-draught cattle,0.662128713,0.620302376,0.771742543,0.753719531,0.860945709,0.822452504,0.267817896,0.856147684,0.814852841,0.848484848,0.820670773,1.051147048,0.985436893,1.014382403,0.298774081,0.345064725,0.764835165,0.759100981,1.014026403,1.028509719,0.99433657,1.007191201,0.202765957,0.205404255,0.224425532
Non-draught cattle,0.662428759,0.648042025,0.753477839,0.765850386,0.874906086,0.820043103,0.264639275,0.86163522,0.815648446,0.871994081,0.812075741,1.118249901,1.021230503,1.0849642,0.307287754,0.354419411,0.762536396,0.762495807,1.021043402,1.09025788,1.009098787,1.08973747,0.222777778,0.217407407,0.232175926
Non-draught cattle,0.633950121,0.621280433,0.768427518,0.774142313,0.875743787,0.8417962,0.284398034,0.865444483,0.816141996,0.864060879,0.814132619,1.010526316,1.017515275,1.109539023,0.324116206,0.377189409,0.767199017,0.772236341,1.006436042,1.098737601,1.019144603,1.112277499,0.211578947,0.223026316,0.234736842
Non-draught cattle,0.614368932,0.646736842,0.795739714,0.798671899,0.911430481,0.853273138,0.334111468,0.910213618,0.823017107,0.889519359,0.807465008,1.135365454,1.036561649,1.124783362,0.382687166,0.445352003,0.777648089,0.783579837,1.059029126,1.114105263,1.060676779,1.14644714,0.200039063,0.215742188,0.22796875
Non-draught cattle,0.649373882,0.621876473,0.789976921,0.746298789,0.91068035,0.830400599,0.311242994,0.914154903,0.816642121,0.906524227,0.831001473,1.028055342,1.037101702,1.05912717,0.358798936,0.412047141,0.783382789,0.759421265,1.071556351,1.045733145,1.045831515,1.040825903,0.191465517,0.198448276,0.217801724
Non-draught cattle,0.607484076,0.59222028,0.74452783,0.746456693,0.843428976,0.815834768,0.267354597,0.833683473,0.802845528,0.842086835,0.798780488,1.019630485,0.963155787,1.008985879,0.302869288,0.342410893,0.75203252,0.742677165,0.947850318,1.035839161,0.953544253,1.014120668,0.210266667,0.212355556,0.2308
Non-draught cattle,0.631840796,0.586619406,0.798659966,0.756756757,0.886904762,0.820042343,0.288107203,0.86314265,0.811452514,0.851918899,0.813896648,1.09829568,0.982463466,1.003875969,0.319940476,0.35908142,0.788274707,0.759036145,0.988391376,1.029685423,0.995407098,1.000861326,0.217731481,0.216157407,0.23587963
Non-draught cattle,0.697716564,0.657418112,0.789073118,0.772274409,0.893505694,0.854488189,0.265833107,0.878631961,0.822869275,0.876815981,0.827722172,1.008802817,1.017919888,1.076104101,0.301015697,0.343640197,0.78744224,0.776828921,1.052192823,1.045472062,1.02002811,1.069794953,,,
Non-draught cattle,,,,,,,,,,,,1.115984817,,,,,,,,,,,,0.187685185,0.188472222
Non-draught cattle,0.687798228,0.679415855,0.789833822,0.803931326,0.897279289,0.887149918,0.296676442,0.908120258,0.855214399,0.927788705,0.835097935,1.08947636,1.062761506,1.135300468,0.337034981,0.390730608,0.806940371,0.78502115,1.101567825,1.123435327,1.040231735,1.162648435,0.254453125,0.249492188,0.269804688
Non-draught cattle,0.672361427,0.688101656,0.792785235,0.806157355,0.906329923,0.875,0.29753915,0.89630098,0.833480696,0.901359469,0.800766284,1.137976783,1.017850768,1.037418862,0.340153453,0.379864334,0.797259508,0.774515393,1.076309795,1.088948787,1.012138522,1.079801451,0.21982684,0.233506494,0.262683983
Non-draught cattle,0.678585618,0.641134152,0.797534669,0.765757291,0.92627058,0.85295145,0.271186441,0.914810887,0.831743869,0.909155179,0.852861035,1.251276441,1.019017433,1.03814262,0.31496063,0.348652932,0.792604006,0.785199122,1.028208184,1.033432078,1.025356577,1.012437811,0.211576763,0.204481328,0.228091286
Non-draught cattle,0.670216542,0.597350018,0.785141635,0.781482502,0.874665079,0.843294677,0.28059861,0.86386357,0.809591778,0.869450162,0.786183271,1.09306997,0.997301855,1.001090513,0.312593034,0.354131535,0.790219134,0.758886746,1.042953497,1.043798307,0.990893761,1.030897855,0.221788618,0.218373984,0.248902439
Non-draught cattle,0.684844193,0.674796748,0.806356838,0.794531897,0.911809121,0.828867761,0.289797009,0.902271369,0.8092827,0.870292887,0.796343179,1.046099291,0.99897084,1.016517056,0.32769556,0.372212693,0.777777778,0.781828224,1.069050992,1.063192905,1.03567753,1.033034111,0.257890295,0.235822785,0.265021097
Non-draught cattle,0.661490683,0.620125786,0.750639023,0.756575102,0.849293059,0.82610083,0.266685601,0.846301633,0.804536979,0.869996798,0.801118707,1.203313773,1.10537022,1.061342116,0.301735219,0.382017901,0.77165578,0.753360608,1.026009317,1.085534591,1.075264443,1.065870729,0.188023715,0.209960474,0.23
Non-draught cattle,0.605586964,0.578231293,0.756306892,0.761550717,0.852036332,0.823901178,0.282704811,0.842654303,0.795782464,0.861489423,0.81381798,1.04219162,0.999327731,1.080294659,0.318488134,0.365378151,0.773211964,0.778810409,0.967076821,1.026852846,0.977478992,1.056353591,,,
Non-draught cattle,0.731409545,0.663366337,0.785677353,0.761930734,0.925114155,0.827116637,0.274560496,0.915913201,0.813628422,0.908378541,0.825567851,1.215784216,1.130532633,1.121439873,0.323287671,0.398349587,0.779214064,0.773111535,1.124306326,1.106534653,1.139909977,1.105221519,0.21408,0.23476,0.25844
Non-draught cattle,0.635482669,0.631899351,0.752536038,0.72688478,0.888713745,0.797689666,0.297383876,0.877373171,0.781584582,0.875505758,0.820740288,1.135258894,1.028519196,1.068073248,0.351197982,0.407312614,0.75093433,0.763300142,1.050689527,1.036931818,1.03071298,1.017117834,0.202669323,0.22812749,0.237888446
Non-draught cattle,0.670951157,0.629863651,0.747091671,0.777487533,0.865732003,0.841428939,0.261284318,0.866432812,0.815848492,0.856718834,0.806379267,1.178193899,0.99033063,1.162356322,0.302777029,0.350280724,0.738715682,0.768463548,1.031812339,1.088792817,1.001559576,1.176005747,0.259453125,0.243242188,0.270078125
Non-draught cattle,0.650231125,0.567175872,0.747424116,0.72629548,0.865527249,0.798969072,0.277360067,0.863855809,0.770017534,0.864821371,0.760958504,1.153389238,1.003735525,1.076923077,0.321186714,0.372058274,0.748259538,0.717750827,1.033898305,1.032119076,1.002614867,1.08974359,,,
Non-draught cattle,0.681852986,0.599527931,0.745050829,0.736326531,0.862496129,0.828536436,0.26859283,0.83986731,0.787314518,0.847708082,0.77945883,1.168907273,1.020697168,1.052238806,0.310932177,0.364560639,0.752006421,0.728979592,1.066232772,1.064516129,1.011256354,1.062843676,0.23465812,0.229273504,0.252863248
Non-draught cattle,0.647526183,0.662701458,0.766367476,0.77433507,0.865533691,0.832792687,0.293030623,0.849575651,0.795717103,0.867134914,0.81487743,1.125739185,1.036376355,1.071507966,0.330948122,0.388247639,0.782206969,0.792980532,1.048392922,1.083653108,1.015389997,1.046313449,0.25920354,0.255265487,0.273097345
Non-draught cattle,0.633869788,0.616037008,0.730331126,0.752898951,0.830671889,0.81671159,0.271258278,0.825943679,0.787240185,0.857998802,0.793013857,1.188219364,0.989633725,1.066381988,0.308526665,0.353835522,0.758675497,0.758420762,1.008412582,1.051272167,0.952660677,1.058618012,0.232058824,0.225252101,0.247857143
Non-draught cattle,0.61351755,0.603056426,0.765415182,0.812606959,0.877198492,0.860205314,0.315154837,0.861239593,0.827716444,0.874498921,0.818419524,1.165061898,1.00176616,1.08722501,0.361180905,0.406216884,0.777199233,0.803479749,1.042942494,1.11637931,0.986577181,1.099575453,0.2260181,0.230678733,0.274886878
Non-draught cattle,0.574429555,0.643025078,0.796514896,0.789132883,0.898541535,0.850682853,0.350758853,0.873074553,0.806154731,0.85767098,0.812769629,1.227509552,0.983398093,1.090698572,0.395688015,0.440833628,0.782462057,0.795608108,1.026439696,1.098354232,1.001059696,1.08182169,0.231085973,0.241900452,0.271357466
Non-draught cattle,0.655612245,0.627252252,0.751590668,0.759472817,0.86750306,0.838944495,0.274655355,0.855719891,0.801274623,0.861454875,0.786790267,1.065896315,0.96386356,1.034666667,0.317013464,0.349881797,0.756627784,0.745744097,1.033163265,1.038288288,0.957446809,1.053714286,,,
Non-draught cattle,0.737055016,0.664576803,0.803016859,0.717091132,0.94665272,0.80061665,0.264123041,0.927570892,0.783702213,0.882473522,0.79342723,1.179289026,0.993843786,1.072529465,0.311366806,0.34359369,0.763975155,0.725989567,1.098300971,1.046574116,1.044632551,1.0593835,0.217877358,0.229386792,0.262641509
Non-draught cattle,0.680143756,0.666666667,0.755219429,0.754022482,0.835100118,0.835409035,0.271410311,0.862110895,0.808173872,0.843142023,0.79588944,1.314913844,1.005802147,1.102782324,0.300117786,0.369596751,0.738602471,0.742561164,1.061695118,1.071741855,1.028430519,1.119803601,,,
Non-draught cattle,0.623688663,0.622627999,0.74410945,0.72317983,0.812448133,0.772677295,0.277172536,0.810206897,0.760551948,0.794758621,0.764069264,1.086067778,0.971997301,1.029154519,0.302627939,0.369095816,0.729921459,0.726524312,0.993908629,1.006444683,0.990890688,1.02441691,0.263209877,0.250082305,0.260576132
Non-draught cattle,0.671551108,0.655198777,0.762876084,0.731374607,0.889681832,0.80764774,0.283783784,0.888361045,0.787125918,0.861935867,0.773856578,1.249281838,0.988087134,1.10435133,0.330954505,0.378829135,0.74018358,0.719045121,1.069335239,1.065749235,1.01837985,1.123287671,0.232131148,0.240901639,0.25442623
Non-draught cattle,0.647754137,0.659481184,0.790771484,0.755651511,0.905254332,0.81350834,0.322509766,0.88861454,0.774537881,0.872153635,0.78391044,1.220848057,1.011454025,1.060958421,0.369200671,0.420299077,0.776123047,0.76479553,1.0938872,1.086956522,1.030544066,1.048273432,0.265850622,0.267385892,0.279170124
Non-draught cattle,0.649512277,0.643035269,0.78435839,0.771805274,0.91523922,0.861834655,0.295621362,0.905610754,0.832831737,0.897720631,0.822435021,1.287012113,0.966949953,1.062566278,0.344949793,0.36764243,0.777524677,0.762170385,1.042381433,1.084431778,0.975448536,1.075998586,0.227741935,0.249758065,0.267983871
Non-draught cattle,0.680408472,0.639312231,0.761313466,0.734496124,0.891149871,0.826737301,0.264900662,0.876707976,0.806873479,0.849698125,0.815693431,1.114444082,0.966389592,1.035121575,0.310077519,0.346946151,0.73785872,0.742524917,1.043494705,1.036733099,0.997108782,1.023928985,0.213795918,0.220979592,0.241306122
Non-draught cattle,0.661726804,0.634904372,0.737512243,0.736451373,0.830438379,0.792754395,0.234573947,0.829295154,0.785431512,0.838105727,0.788862497,1.162348877,0.930317848,0.984194929,0.264130135,0.292787286,0.745347698,0.739668399,0.970360825,1.016393443,0.920537897,0.979914389,,,
Non-draught cattle,0.597994825,0.600813284,0.71120476,0.737992376,0.818544936,0.817567568,0.252850768,0.811368778,0.8026534,0.79581448,0.780541736,1.187519599,0.873641726,0.947969117,0.291012839,0.316671841,0.697570649,0.717662008,0.927878396,0.984073196,0.890717169,0.974823766,0.23172,0.22476,0.24556
Non-draught cattle,0.690024732,0.624618071,0.76324261,0.772491613,0.883768214,0.858062331,0.273339186,0.887678693,0.822669698,0.839686862,0.803507632,1.225408348,0.972408356,1.101513802,0.31650288,0.36815136,0.721978344,0.754498323,1.07502061,1.105630729,1.02798581,1.127782725,0.225066079,0.216431718,0.238017621
Non-draught cattle,0.56433121,0.575729504,0.719948849,0.696837147,0.823099415,0.747113997,0.295076726,0.844394451,0.737273051,0.832770904,0.762904948,1.134827044,0.946717818,1.001870033,0.337353801,0.393435635,0.710038363,0.721063257,0.95626327,0.959240389,0.959931799,0.968209444,0.199,0.208545455,0.218590909
Non-draught cattle,0.692089057,0.703836317,0.826611513,0.833637359,0.956521739,0.909996018,0.322992072,0.945210879,0.886002326,0.902246748,0.82900349,1.212712921,1.010596026,1.092488503,0.37375349,0.413686534,0.789038263,0.780007297,1.135954524,1.168797954,1.058719647,1.167603475,0.205571429,0.222714286,0.242238095
Non-draught cattle,0.616835487,0.596873864,0.757307589,0.735724138,0.848812744,0.791159893,0.283722178,0.838978015,0.759396355,0.847593583,0.775056948,1.131205674,0.971399387,0.971795787,0.318004208,0.360231529,0.765084473,0.750896552,0.986377925,0.969465649,0.961525366,0.952159943,0.235409836,0.223852459,0.246352459
Non-draught cattle,0.698693041,0.612037708,0.807855626,0.796325879,0.940667491,0.861463134,0.282908705,0.907843722,0.819227609,0.878914405,0.784716516,1.197625922,1.037310806,1.033922772,0.329419036,0.375219993,0.782112527,0.762779553,1.075238432,1.084481508,1.071453713,1.079393721,0.260655022,0.245676856,0.280436681
Non-draught cattle,0.612903226,0.654640981,0.738785626,0.755375664,0.834079463,0.826688815,0.263197026,0.837124403,0.796479061,0.825329963,0.758335556,1.200393479,0.930357708,0.965365025,0.297146055,0.336182336,0.728376704,0.719200607,0.952091983,1.045884413,0.943653055,1.013921902,0.249354839,0.243508065,0.256169355
Non-draught cattle,0.66011236,0.64992,0.774406022,0.775360605,0.886853448,0.825528701,0.276876029,0.880684858,0.828239454,0.883895131,0.828997222,1.222843686,0.98245614,1.0921797,0.317079741,0.349985132,0.777228887,0.776069993,1.027465668,1.04928,0.978887898,1.091181364,0.250350195,0.241167315,0.272723735
Non-draught cattle,0.622626889,0.571543732,0.761419843,0.765324519,0.84583064,0.820025757,0.293860925,0.843649259,0.775578563,0.836234687,0.758830694,1.400908773,0.994250671,1.051033319,0.326438268,0.387121502,0.75472796,0.748798077,1.013948082,1.026602177,1.003066309,1.074230283,0.231229508,0.2225,0.223032787
Non-draught cattle,0.581007379,0.585318108,0.729161691,0.731037804,0.853747204,0.810032017,0.296632434,0.962787764,0.797478329,0.969725639,0.805095876,1.297543221,0.972485769,1.033378287,0.347315436,0.392789374,0.73441605,0.738020708,0.979467437,0.990538336,0.965528147,1.023600809,0.24192,0.24624,0.25988
Non-draught cattle,0.672825741,,,,,,,,,,,1.174767596,,,,0.391883519,,,1.075820325,,1.046158612,1.080296896,,,
Non-draught cattle,0.659442724,0.583542939,0.750847016,0.705187468,0.860256793,0.801517805,0.251237946,0.856166419,0.773303295,0.837147103,0.783159673,1.159950016,0.923001311,0.955013736,0.287847119,0.315858453,0.734167318,0.714175655,0.991056072,0.986704995,0.943971166,0.942994505,0.22856,0.23292,0.2438
Non-draught cattle,0.603656546,0.59299558,0.763878423,0.738763347,0.872096358,0.823187604,0.299422256,0.866628669,0.79588015,0.831575948,0.76565008,1.231695721,0.911305434,0.941137784,0.341841124,0.372267333,0.732981663,0.710702756,0.992817499,1.011560694,0.949718926,0.978296613,0.237091633,0.241155378,0.255537849
Non-draught cattle,0.580033698,0.579361609,0.765663391,0.725685786,0.861735223,0.804422944,0.342751843,0.861139896,0.765285996,0.843523316,0.763313609,1.174213619,0.99754902,1.029711752,0.385758728,0.455882353,0.75,0.723815461,1.050126369,1.017927416,1.018382353,1.032372506,,,
Non-draught cattle,0.680267323,0.643669149,0.787903445,0.764408209,0.887836186,0.824189148,0.263357743,0.895223421,0.781546421,0.889984592,0.766599598,1.321969697,0.989379925,1.045062696,0.296760391,0.332648167,0.78329265,0.749789148,1.021807949,1.065856527,0.995203837,1.065438871,0.222893617,0.240297872,0.257617021
Non-draught cattle,0.608413133,0.556399132,0.722109017,0.700421941,0.813719862,0.768074031,0.268976057,0.825808331,0.752834467,0.826682202,0.790249433,1.247227658,0.934167215,1.013081395,0.303099885,0.347597103,0.722873153,0.735232068,0.969562244,0.960231381,0.933179724,0.965116279,0.266978723,0.227319149,0.250680851
Non-draught cattle,0.638051857,0.653168354,0.741664479,0.736400541,0.835304554,0.821062161,0.263586243,0.86365026,0.808618128,0.873738918,0.783952452,1.234231566,0.948556256,0.988755622,0.29686576,0.333222702,0.75032817,0.713937754,0.989838823,1.020247469,0.937603717,1.019865067,,,
Non-draught cattle,0.630221932,0.659215956,0.769858946,0.790500642,0.873140612,0.841027042,0.292006929,0.877574048,0.83805117,0.855571227,0.818181818,1.33908223,0.964081373,1.074722917,0.331181589,0.375079466,0.750556793,0.771758665,1.015339426,1.058803301,0.988874762,1.10082231,,,
Non-draught cattle,0.600862641,0.590860022,0.787051088,0.813235679,0.869759642,0.859552115,0.32903389,0.859906051,0.80377456,0.779773418,0.769389866,1.170473917,0.910029023,1.038018835,0.363610956,0.419542083,0.713707638,0.778446246,1.03251493,1.118747751,1.003547243,1.08440879,0.274449153,0.270974576,0.284788136
Non-draught cattle,0.609620077,0.599637024,0.781465407,0.795519667,0.886989278,0.876578645,0.334950217,0.885962373,0.846921797,0.831837916,0.79839157,1.205381166,0.943222842,1.020198441,0.380179658,0.430587463,0.733724789,0.749934879,1.066922273,1.108529946,1.004594683,1.082211198,0.224942529,0.229157088,0.249693487
Chillingham,0.660845588,0.639282342,0.837781629,0.806669032,0.939005439,0.878331402,0.339341421,0.940101128,0.866946245,0.885647608,0.844452917,1.055443953,1.027990971,1.081542969,0.38034188,0.441986456,0.789254766,0.785739624,1.110753676,1.073654391,1.091196388,1.110351563,0.217135922,0.223883495,0.252184466
Chillingham,0.650815217,0.638268156,0.817073171,0.813440672,0.932354078,0.879303821,0.330284553,0.929838088,0.867487869,0.880493446,0.860022396,1.07421724,1.008833922,1.06864564,0.376884422,0.43065371,0.773712737,0.806440322,1.092391304,1.081936685,1.065371025,1.077922078,0.207850467,0.218084112,0.24317757
Chillingham,0.675244011,0.608863198,0.819598338,0.823717949,0.907244155,0.89064305,0.292590028,0.921370183,0.877133106,0.88478007,0.8407281,1.014057009,1.004862953,1.073088093,0.323878881,0.373563218,0.787049861,0.789529915,1.050133097,1.11416185,1.046419098,1.119554695,0.214585366,0.223121951,0.25097561
Chillingham,0.676422094,0.696684588,0.873946958,0.880286272,1.008279338,0.950140449,0.361934477,0.994673295,0.916046039,0.935724432,0.86492891,1.053106212,1.069833536,1.127040141,0.417566595,0.470970361,0.822152886,0.831164606,1.154575433,1.212365591,1.137231019,1.193647993,0.231843318,0.230506912,0.272211982
Chillingham,0.687817259,0.702859696,0.87463367,0.871366522,1.000372439,0.938804896,0.345164442,0.978506375,0.907446068,0.904189435,0.864300626,1.122210779,1.010997963,1.13166287,0.394785847,0.431771894,0.808205796,0.829936519,1.136209814,1.165326184,1.094093686,1.188154897,0.229230769,0.231085973,0.257511312
Chillingham,0.696382429,0.648062731,0.893793561,0.883633889,0.997038134,0.939920376,0.35711915,1.00597684,0.902990264,0.957788569,0.853963839,1.04451683,1.038477116,1.118906606,0.398370974,0.435803969,0.850979091,0.835658387,1.159776055,1.197878229,1.09072499,1.183143508,0.233714286,0.235857143,0.272285714
Chillingham,0.721050366,0.753167527,0.871226718,0.87818986,1.005559674,0.958054937,0.333333333,1.00147656,0.917199716,0.911775563,0.860341151,1.091814159,1.008574929,1.117212737,0.384729429,0.423846468,0.793192036,0.823749575,1.167886354,1.211168466,1.107799102,1.191047531,0.223598131,0.224392523,0.263598131
Chillingham,0.677316294,0.603688933,0.834351419,0.805329386,0.928057554,0.852330591,0.301113906,0.911660777,0.846363283,0.866117,0.821859199,1.28688172,1.003183265,1.024733269,0.334932054,0.38108231,0.792669781,0.782013323,1.05979005,1.084745763,1.055934516,1.05528613,0.207056075,0.20728972,0.230747664
Chillingham,0.698929527,0.589792971,0.837911156,0.801997859,0.967501958,0.868288915,0.306544591,0.989191353,0.830746489,0.938350681,0.837398374,1.158730159,1.031236252,1.06335054,0.353954581,0.397712275,0.79484571,0.80841955,1.102140946,1.082330284,1.087109547,1.054903801,0.211809524,,0.246428571
Chillingham,0.686424474,0.615743138,0.850091408,0.846482705,0.961140967,0.894455852,0.325045704,0.975660932,0.870851659,0.906000839,0.826869252,1.089944845,1.03748198,1.046029337,0.367507234,0.427198462,0.789396709,0.803731053,1.111376673,1.127912998,1.117251321,1.101669196,0.20569378,0.212057416,0.235645933
Chillingham,0.703934741,0.637762955,0.849124061,0.834023335,0.975760066,0.908941756,0.324633536,0.988347898,0.876235666,0.919267582,0.85567418,1.213906325,1.024107557,1.101272265,0.37304848,0.42095503,0.789774759,0.81445239,1.139635317,1.13699333,1.101066296,1.127735369,,,
Chillingham,0.672627235,0.601193436,0.827502598,0.809647495,0.955982393,0.863132911,0.31936266,0.947264076,0.849357727,0.925455987,0.863760218,1.230483271,1.062357761,1.090953786,0.368947579,0.419663177,0.80845168,0.823376623,1.095369097,1.085032322,1.087391898,1.072763029,0.216285714,,0.243
Chillingham,0.721223022,0.651701323,0.853740356,0.904047976,0.976217875,0.930914705,0.315665884,0.982246237,0.897655378,0.927827094,0.858950502,1.20953934,1.060432289,1.096437055,0.360951285,0.415086017,0.806440792,0.865067466,1.144334532,1.139886578,1.122629025,1.14584323,0.215833333,0.219074074,0.249861111
Chillingham,0.720588235,0.770014556,0.830909706,0.886490251,0.947185813,0.969166349,0.300642543,0.940298507,0.924137931,0.862610027,0.856987296,1.138165799,0.983849847,1.136735676,0.342713955,0.388040157,0.762259046,0.822075209,1.129136029,1.235322659,1.072457442,1.225806452,0.215045872,0.216926606,0.244724771
Chillingham,0.701971573,0.619672131,0.827609657,0.814316088,0.940131325,0.88863109,0.307038422,0.945609946,0.865210843,0.883061383,0.837349398,1.115384615,1.029438406,1.052531945,0.348783314,0.408967391,0.772866372,0.788093551,1.116001834,1.076346604,1.102355072,1.087553242,0.219714286,0.218952381,0.246285714
Chillingham,0.722351843,0.630508475,0.826341128,0.809152182,0.947928994,0.882739938,0.294016506,0.944946913,0.858487015,0.889893826,0.841550621,1.197921178,1.017993702,1.098771499,0.337278107,0.384615385,0.778198074,0.793189074,1.121325245,1.104600484,1.08097166,1.120884521,0.211380952,0.21852381,0.242142857
Chartley,0.737921446,0.728436911,0.841472969,0.826974745,0.969605778,0.918257757,0.28702011,0.948204826,0.882454128,0.902884049,0.83858945,1.059184813,1.06122449,1.104607251,0.330725248,0.380145278,0.801253591,0.785867813,1.11991658,1.159322034,1.114493255,1.162386707,0.262572614,0.262987552,0.277095436
Chartley,0.723498589,0.728285078,0.827702703,0.820044829,0.960784314,0.887387387,0.276412776,0.967684022,0.861129792,0.949012567,0.831876261,1.186983471,1.122292994,1.086040386,0.320855615,0.382165605,0.811732187,0.792187,1.086255542,1.140757238,1.144373673,1.124231782,0.242962963,0.25337963,0.263657407
Chartley,0.748013982,0.667336011,0.800518135,0.801992225,0.909553117,0.870516878,0.24611399,0.916913947,0.834850784,0.878338279,0.765300961,1.139405204,0.994805988,1.046334716,0.279636072,0.319278949,0.766839378,0.735179786,1.080076263,1.104752343,1.038496792,1.14142462,0.275062241,0.274190871,0.292987552
Non-draught cattle,0.744126285,0.693392725,0.799090423,0.80462585,0.941974141,0.8993309,0.25682183,0.926488834,0.87511098,0.871277916,0.826871856,1.027498522,0.996452643,1.04919264,0.302743614,0.340546293,0.751471375,0.760272109,1.096549192,1.09762435,1.059595601,1.110401802,0.238851064,0.249702128,0.275191489
Non-draught cattle,0.67721519,0.65210154,0.800861804,0.780897162,0.880541455,0.837643208,0.27393044,0.874621849,0.823889247,0.865882353,0.828718609,1.201253225,0.997289973,1.09021601,0.301184433,0.344560588,0.792859341,0.785474519,1.029272152,1.064918851,1.007355788,1.08386277,0.210585774,0.225020921,0.239539749
Romanian Grey & Brown (draught),0.722111554,0.702794819,0.806212664,0.827042523,0.907965554,0.882712902,0.286499403,0.886727989,0.847698335,0.91195795,0.849902057,1.281442663,1.05215282,1.142904182,0.322658773,0.363553669,0.829151732,0.829192547,1.120185923,1.1799591,1.023044269,1.139940731,0.298056995,0.303799655,0.321588946
Romanian Grey & Brown (draught),0.746447742,0.707676835,0.852638954,0.799056604,0.947081712,0.865610629,0.300560486,0.927355855,0.832432432,0.892557785,0.82997543,1.249054224,1.0667881,1.120026525,0.33385214,0.390710383,0.820644559,0.796698113,1.152826018,1.13576936,1.108378871,1.123342175,0.274354704,0.277893422,0.313863447
Romanian Grey & Brown (draught),0.767761394,0.689581857,0.838894422,0.822653885,0.927588106,0.871226289,0.268426295,0.91548913,0.811799851,0.917934783,0.807816779,1.112857592,1.038426068,1.102991162,0.296806167,0.331386413,0.841135458,0.818617558,1.129021448,1.15556343,1.035659391,1.10842964,0.280350438,0.275552774,0.293867334
Romanian Grey & Brown (draught),0.900058275,0.757545932,1.001395349,0.890862351,1.10922205,0.955388471,0.283023256,1.068486352,0.883839555,0.979900744,0.862972409,1.137191539,1.07543573,1.191802754,0.313498197,0.331427015,0.918372093,0.869829399,1.254662005,1.250656168,1.172657952,1.220621198,0.272151899,0.286647611,0.345855451
Romanian Grey & Brown (draught),0.813839129,0.7131178,0.876705142,0.811640212,0.990222222,0.884404728,0.268887723,0.991691395,0.849155826,0.951632047,0.873235538,1.189267352,1.060515873,1.138167388,0.303703704,0.338955026,0.841290661,0.834656085,1.173867229,1.140096618,1.10515873,1.106782107,0.271826758,0.287006861,0.3
Romanian Grey & Brown (draught),0.736482085,0.697643979,0.798795181,0.792599805,0.885653219,0.848800834,0.253975904,0.860815373,0.808944099,0.85042846,0.780869565,0.990963855,1.006453596,1.031167979,0.281592306,0.323909035,0.789156627,0.765092502,1.07980456,1.065445026,1.018746159,1.06824147,0.2532,0.25948,0.2776
Romanian Grey & Brown (draught),0.65828845,0.675362319,0.770318815,0.768917082,0.861843758,0.833292413,0.276380781,0.837851038,0.764242288,0.836630037,0.775726188,1.071859428,0.944061725,1.069875776,0.309218789,0.339211904,0.769196228,0.780471228,1.02663076,1.093075684,0.945439515,1.054037267,0.292868526,0.297131474,0.298565737
Romanian Grey & Brown (draught),0.700619195,0.730122818,0.792348467,0.841908326,0.88267009,0.903387704,0.270799723,0.867087011,0.847856806,0.870617907,0.811351861,1.13785822,1.023117961,1.081293158,0.301668806,0.348251334,0.795575017,0.805659495,1.064396285,1.16354234,1.018968583,1.129943503,0.294836844,0.293680297,0.309995869
Romanian Grey & Brown (draught),0.815032906,0.743780171,0.841854637,0.822126364,0.971370735,0.91319053,0.252130326,0.964121699,0.891089109,0.930252583,0.886413641,1.255016981,1.079613591,1.209834835,0.290919607,0.335109927,0.812280702,0.817812738,1.163491514,1.203119198,1.11892072,1.216216216,0.273351648,0.268053375,0.279160126
Romanian Grey & Brown (draught),0.736119585,0.699117935,0.863345196,0.846933962,0.960411718,0.907735086,0.290865955,0.961680761,0.86718184,0.930496829,0.851002173,1.184491979,0.998865248,1.138242894,0.323568224,0.347801418,0.835349941,0.831132075,1.110128127,1.173146031,1.032340426,1.159883721,0.294225621,0.283824092,0.297552581
Romanian Grey & Brown (draught),0.830558639,0.739182692,0.913745131,0.898866609,1.017033137,0.957585139,0.289092933,1.02241594,0.909973522,0.95516812,0.902030009,1.111075646,1.091426539,1.208990536,0.321771446,0.369619353,0.853644964,0.891020052,1.214946356,1.239182692,1.16826752,1.219637224,0.263141729,0.283369899,0.30276437
Romanian Grey & Brown (draught),0.753992395,0.731549067,0.863597613,,0.964455728,0.897965475,0.300085251,0.965988557,0.866190901,0.880801017,0.832887303,1.051602024,1.033955224,1.120848339,0.335131704,0.394029851,0.787439614,,1.155513308,1.181265207,1.133955224,1.165666267,0.256081668,0.26164205,0.278019114
Romanian Grey & Brown (draught),0.870385233,0.779090114,0.854220686,0.850674663,0.994632674,0.948829431,0.229328724,0.988662888,0.897500791,0.95831944,0.882315723,1.034891599,1.103686636,1.202155172,0.267024488,0.305683564,0.828003457,0.836281859,1.189807384,1.241032371,1.138632873,1.222844828,0.240616855,0.245655951,0.269591659
Romanian Grey & Brown (non-draught),0.691078562,0.686968839,0.790640994,0.785993167,0.920283688,0.874084125,0.284669754,0.91664312,0.857104843,0.91466516,0.86056413,1.175384615,1.046895213,1.129584352,0.331347518,0.37774903,0.788934926,0.789165447,1.079893475,1.140580737,1.04915912,1.12504366,0.269795918,0.26677551,0.285632653
Romanian Grey & Brown (non-draught),0.69646882,0.635826772,0.808600337,0.78405879,0.885775862,0.833283268,0.287521079,0.884414387,0.796668581,0.85828466,0.794945434,1.126683772,1.006126126,1.090192989,0.314963054,0.368648649,0.784710512,0.782362917,1.080766341,1.092125984,1.036756757,1.092556124,0.257998289,0.259923011,0.262061591
Romanian Grey & Brown (non-draught),0.732519423,0.719469372,0.852649007,0.826086957,0.952821462,0.88795686,0.306291391,0.936931474,0.853932584,0.939357186,0.857677903,1.108838821,1.09858156,1.145881447,0.342275671,0.393617021,0.854856512,0.829710145,1.143174251,1.156457277,1.095744681,1.140877598,0.250529437,0.278398983,0.27090216