PCA_Type,MC_e1,MC_f4,MC_a2,MC_b5,MC_a3,MC_b6,MC_ae2,MC_a8,MC_b10,MC_c8,MC_d10,MC_SDDD,MC_c7,MC_d9,MC_ae3,MC_ae7,MC_c2,MC_d5,MC_a1,MC_b4,MC_a7,MC_b9,MC_BpGL,MC_BatfGL,MC_BdGL
Non-draught cattle,0.670634921,0.67398568,0.863343506,0.861554476,0.961480363,0.938397581,0.347575449,0.955705706,0.921677803,0.910660661,0.903489235,1.389127325,1.08984726,1.167386091,0.387084592,0.460467206,0.822651746,0.844552394,1.122574956,1.185202864,1.143755615,1.19088729,0.297783784,0.279135135,0.286972973
Non-draught cattle,0.729183842,0.673808483,0.87890376,0.883381924,0.986762075,0.989477504,0.315168897,0.990305206,0.963263864,0.990664273,0.938184387,1.522696011,1.147670549,1.175741479,0.353846154,0.411397671,0.879222435,0.860382248,1.136850783,1.19239178,1.147254576,1.207171315,0.333,0.301055556,0.329055556
Non-draught cattle,0.729149798,0.698017714,0.866338158,0.879720724,0.973356401,0.96350365,0.311672313,1.017359855,0.93902439,0.972513562,0.891937669,1.574439462,1.053270662,1.087118084,0.35017301,0.396396396,0.828149061,0.835607744,1.138866397,1.169126951,1.101840971,1.144508671,0.309581152,0.28078534,0.310575916
Non-draught cattle,0.70778964,0.698707593,0.895123384,0.838498212,1.008272667,0.898467433,0.369271445,1.018382353,0.897035384,0.951203209,0.873764743,1.381622517,1.085017156,1.090728213,0.415949702,0.479222265,0.836075206,0.816746126,1.204824041,1.136510501,1.161646969,1.119777159,0.298108108,0.239954955,0.281036036
Non-draught cattle,0.644016227,0.671561605,0.854868181,0.883379501,0.948176028,0.936014089,0.357608979,0.936784897,0.907254623,0.962242563,0.900995733,1.493971753,1.08411215,1.125844294,0.396641575,0.441508218,0.878099713,0.877285319,1.107167005,1.142191977,1.055430229,1.133665126,0.33,0.278209607,0.30489083
Non-draught cattle,0.680093991,0.62891312,0.862874556,0.853092087,0.960972851,0.893129771,0.348400203,0.973918028,0.878720445,0.957867584,0.900139082,1.490995583,1.0217059,1.146298264,0.38800905,0.419443595,0.848654139,0.873886038,1.140651225,1.111150193,1.038826047,1.119022317,0.322837838,0.280585586,0.317567568
Non-draught cattle,0.752754821,0.695113314,0.899896801,0.855259689,0.988381978,0.91664312,0.335913313,0.965937413,0.896875864,0.931320964,0.881946364,1.678114724,1.053571429,1.118513324,0.368943043,0.407894737,0.867647059,0.841022937,1.201101928,1.148725212,1.09273183,1.137447405,0.379766355,0.293130841,0.33453271
Non-draught cattle,0.651370089,0.663619744,0.878068519,0.839372634,0.926031294,0.929619647,0.345832209,0.961311282,0.894266782,0.964559953,0.876404494,1.75172694,1.025753769,1.145331325,0.364722617,0.402638191,0.881035878,0.822606814,1.074612083,1.134917733,1.022298995,1.168674699,0.327045455,0.277454545,0.308
Non-draught cattle,0.679251701,0.722202231,0.845390441,0.84974781,0.945385514,0.915617849,0.323844346,0.946768061,0.9280951,0.933898801,0.919686866,1.600231303,0.994084682,1.127621756,0.362149533,0.386052304,0.83389919,0.842049376,1.101020408,1.151853185,1.007783313,1.137931034,0.30375,0.249821429,0.302142857
Non-draught cattle,0.745508982,0.796733212,0.893313298,0.88992489,1.014793741,0.985374247,0.332081142,1.002811358,0.97309544,0.948552151,0.993486265,1.573018081,1.077266922,1.21468144,0.377240398,0.423371648,0.844978713,0.908572909,1.186626747,1.247186933,1.138888889,1.189750693,0.313090129,0.267424893,0.315965665
Non-draught cattle,0.705610795,0.720298977,0.899314129,0.875644699,1.005213125,0.954403498,0.354183813,1.020865774,0.935414754,1.009654313,0.94704622,1.520412056,1.145583039,1.184532925,0.395890831,0.456183746,0.889437586,0.886532951,1.1640625,1.20220299,1.158303887,1.169984686,0.322843602,0.247819905,0.317014218
Non-draught cattle,0.668019181,0.695445545,0.856743145,0.841074426,0.941864042,0.90843155,0.35002798,0.943314849,0.889086069,0.951016636,0.875776398,1.486446342,1.124180626,1.211042945,0.384804675,0.455571741,0.863738109,0.828483492,1.129472519,1.19049505,1.115076475,1.229447853,0.315550239,0.259617225,0.307607656
Non-draught cattle,0.648780488,0.661326379,0.825920873,0.762421939,0.924274809,0.807825086,0.31787176,0.92342892,0.847570178,0.892922514,0.846664654,1.472638833,0.990859851,1.085106383,0.355725191,0.394380501,0.798635744,0.761607385,1.054703833,1.046199702,1.024712255,1.086266925,0.332606635,0.251137441,0.291327014
Non-draught cattle,0.673070206,0.642151482,0.812201592,0.806094183,0.883949192,0.843722818,0.301061008,0.893492851,0.857395404,0.837467172,0.886564526,1.382198953,0.994800693,1.085889571,0.327655889,0.393414211,0.76127321,0.833518006,1.06950751,1.064763996,1.06135182,1.050162396,0.303482143,0.241651786,0.281919643
Non-draught cattle,0.653515625,0.667354519,0.844668845,0.824657534,0.95725345,0.918305085,0.347787348,0.966689327,0.919551935,0.950373895,0.890020367,1.41782502,1.06190657,1.090682196,0.394143386,0.44473984,0.83041283,0.798173516,1.1109375,1.118035493,1.080136726,1.12687188,0.284158879,0.236915888,0.276028037
Non-draught cattle,0.698865858,0.694056641,0.835086722,0.798235629,0.950177936,0.876014991,0.326983224,0.943159923,0.893596687,0.912652537,0.888818095,1.350226929,1.073668304,1.118236473,0.372047881,0.434454099,0.808075064,0.793966989,1.148611654,1.118867172,1.10955799,1.124248497,0.30627907,0.247023256,0.282
Non-draught cattle,0.667213653,0.694434068,0.870600414,0.829661472,0.954055587,0.881027104,0.344461698,0.937569677,0.869124683,0.904124861,0.856177878,1.464363636,1.034109021,1.095821326,0.377481566,0.424290724,0.839544513,0.817302526,1.104036757,1.153530071,1.072362129,1.112391931,0.331045455,0.282,0.311136364
Non-draught cattle,0.687810064,0.703317182,0.886646392,0.873263397,1.00817353,0.935601458,0.350013824,0.976552984,0.924647253,0.942448234,0.921945362,1.711960636,1.07130495,1.145041014,0.397988054,0.438213915,0.855681504,0.870711653,1.136428065,1.147968692,1.11007269,1.148396719,0.358584906,0.286839623,0.313915094
Non-draught cattle,0.674981104,0.700393701,0.835584938,0.829811867,0.929050815,0.900722589,0.322219028,0.926681543,0.889819988,0.938795027,0.855990068,1.57523246,1.078359575,1.084119497,0.358261425,0.410472354,0.846507617,0.798263386,1.098639456,1.128740157,1.064445258,1.126965409,0.302028302,0.242641509,0.292264151
Non-draught cattle,0.679438059,0.659202239,0.81616065,0.806003473,0.929738562,0.892582418,0.307434855,0.927717391,0.87244898,0.917934783,0.88453276,1.485499463,1.049720323,1.122699387,0.350217865,0.399627098,0.807554387,0.817166956,1.090038314,1.136808957,1.060907396,1.107361963,0.344170404,0.276995516,0.315112108
Non-draught cattle,0.707436002,0.682246998,0.881946625,0.839059115,0.951880718,0.917117727,0.335321821,0.96628827,0.909426367,0.964568283,0.894666219,1.430017606,1.094457455,1.149073675,0.361911217,0.416861827,0.880376766,0.82544104,1.141405933,1.162521441,1.096409055,1.168031021,0.281741294,0.232985075,0.291691542
Non-draught cattle,0.680048173,0.700817908,0.866121936,0.84974587,0.954624177,0.940907492,0.333752357,0.957609451,0.92849705,0.933981932,0.890662964,1.432025547,1.09580106,1.115167319,0.367855906,0.432939258,0.844751728,0.815120712,1.106382979,1.151528196,1.123522218,1.162538027,0.293668342,0.248743719,0.291507538
Non-draught cattle,0.735457577,0.724449686,0.88099756,0.85253078,1.001849568,0.93377285,0.342911358,0.968414779,0.904761905,0.973778308,0.899535424,1.437121212,1.133148405,1.049813623,0.389950678,0.438626907,0.885876931,0.847606019,1.204149685,1.224842767,1.126907074,1.05591325,0.340560748,0.288224299,0.313224299
Non-draught cattle,0.651570248,0.64556962,0.797442968,0.767484824,0.882875382,0.827311522,0.303334169,0.880431774,0.805986696,0.893717133,0.841740576,1.395980648,1.161928751,1.103160189,0.335831252,0.43540842,0.809476059,0.801530747,1.051570248,1.051717902,1.144656351,1.056302216,0.317232143,0.258080357,0.300357143
Non-draught cattle,0.659058488,0.635396886,0.824133148,0.812899477,0.903314077,0.872738615,0.311511789,0.943773825,0.877941638,0.980304956,0.921556323,1.438316401,1.069300069,1.146817649,0.341441168,0.389119889,0.856033287,0.853282975,1.059557775,1.06266616,1.029452529,1.092541976,0.294841629,0.259909502,0.28438914
Non-draught cattle,0.748743719,0.716829609,0.84300427,0.830888031,0.946685472,0.907251265,0.281587541,0.949363508,0.900669643,0.941725601,0.895926339,1.428018303,1.078044041,1.109920498,0.316220028,0.363018135,0.836222055,0.826512227,1.124288107,1.127094972,1.086787565,1.115796751,0.331801802,0.275810811,0.313603604
Non-draught cattle,0.733543417,0.676176362,0.837085758,0.810515357,0.992203898,0.908136483,0.307108525,0.97409479,0.897665033,0.966440977,0.905736523,1.440767206,1.105759515,1.152604549,0.364017991,0.408891883,0.830508475,0.817803227,1.158613445,1.153760652,1.114516672,1.142333089,0.351770335,0.285311005,0.323253589
Non-draught cattle,0.664388243,0.699778434,0.861978483,0.838477914,0.951622248,0.908592849,0.351876148,0.941800459,0.887355674,0.923451835,0.885102788,1.498908297,1.05675853,1.146661802,0.388470452,0.43996063,0.845184991,0.836349122,1.122693096,1.163589365,1.077755906,1.149580445,0.332672811,0.269723502,0.313271889
Non-draught cattle,0.646936347,0.662752772,0.843929309,0.809436133,0.940168755,0.884334926,0.344732614,0.92994436,0.88013013,0.91856348,0.897147147,1.456425907,1.046384327,1.129845572,0.384045001,0.43272832,0.833601102,0.825086306,1.09369423,1.147097195,1.059348891,1.108414749,0.351565217,0.275086957,0.333130435
Non-draught cattle,0.692671395,0.656611715,0.867357251,0.799391326,0.939775527,0.87970974,0.349166246,0.917669072,0.852583176,0.896017108,0.838788207,1.388629003,1.081639238,1.056918882,0.37831919,0.445950307,0.84689237,0.786457012,1.159405606,1.105576991,1.107776702,1.074301295,0.331150442,0.280353982,0.313628319
Non-draught cattle,0.646592138,0.686841078,0.819470957,0.816004508,0.91198786,0.884004884,0.330515408,0.89089831,0.852266039,0.897124222,0.845497351,1.407245223,1.045973038,1.061322497,0.367830046,0.418942274,0.825197709,0.80952381,1.083663902,1.130808278,1.038714138,1.069818988,0.318058252,0.266116505,0.304805825
Non-draught cattle,0.641699676,0.5861678,0.838850174,0.802412407,0.908776345,0.883897501,0.321428571,0.918308964,0.868241144,0.896694215,0.849596022,1.396122897,1.037895511,1.025506377,0.348222712,0.407284768,0.819105691,0.78518093,1.040331293,1.055933485,1.062913907,1.048012003,0.305784753,0.244932735,0.278609865
Non-draught cattle,0.664056674,0.730182927,0.849664054,0.859123055,0.952904239,0.940830235,0.35106383,0.948141206,0.927045177,0.936269916,0.922466422,1.624709527,1.043523677,1.121752042,0.393720565,0.436629526,0.839025756,0.854879774,1.131618195,1.157393293,1.056754875,1.12731997,0.316100917,0.264541284,0.295550459
Non-draught cattle,0.662566489,0.667519182,0.796168582,0.788330717,0.924377224,0.873080267,0.287100894,0.915956509,0.863571224,0.92653541,0.869303525,1.430763473,1.023369036,1.113436123,0.333333333,0.364816618,0.805363985,0.793563579,1.036236702,1.100840336,1.011684518,1.106093979,0.299482759,0.253275862,0.281163793
Non-draught cattle,0.671707857,0.64382501,0.809728568,0.789079823,0.92,0.857013847,0.320343994,0.933973962,0.859341986,0.890886547,0.848777543,1.567610063,1.008067345,1.027027027,0.363969466,0.418098913,0.772373018,0.779379157,1.111398008,1.102206736,1.056822168,1.03981008,0.305319149,0.249021277,0.268340426
Non-draught cattle,0.693758419,0.806629834,0.882272416,0.910655438,1.016962525,0.973004695,0.353524983,1.014561196,0.976442874,0.975206612,0.934825285,1.444336412,1.078798433,1.163734115,0.407495069,0.449717022,0.848049281,0.871841816,1.157611136,1.249121045,1.122333478,1.215542522,0.338025478,0.30044586,0.339617834
Non-draught cattle,0.826538769,0.681171909,0.935534102,0.847160179,1.08604483,0.934201267,0.291497976,1.073624017,0.926701571,0.97498213,0.909249564,1.772494172,1.072327044,1.130642361,0.338394794,0.367924528,0.84957957,0.831206126,1.200639488,1.14390349,1.18081761,1.15234375,0.388766234,0.330649351,0.392532468
Non-draught cattle,0.641120864,0.633466135,0.824207493,0.804702111,0.908985842,0.884062225,0.326696358,0.912412993,0.862049227,0.892691415,0.863480252,1.43579627,1.015171504,1.064573042,0.360300491,0.411279683,0.806392455,0.806037937,1.062120189,1.090909091,1.037598945,1.062808751,0.32876652,0.27,0.290176211
Non-draught cattle,0.717034068,0.656984195,0.862292052,0.802694899,0.94179004,0.855092276,0.311152187,0.95139361,0.854800137,0.954792658,0.871540827,1.441088898,1.116898608,1.12976085,0.339838493,0.401590457,0.865372766,0.818415143,1.121843687,1.068774028,1.112922465,1.10806023,0.2705,0.220863636,0.258454545
Non-draught cattle,0.677745057,0.690249433,0.812212335,0.795504215,0.933027846,0.884108258,0.317888923,0.921016006,0.874099485,0.946764092,0.886106346,1.621821544,1.123451693,1.135384615,0.36517448,0.427745665,0.834918687,0.80643147,1.113588557,1.155555556,1.092898431,1.12,0.303560209,0.268795812,0.291832461
Non-draught cattle,0.683851144,0.631959508,0.828792735,0.80212592,0.920498368,0.862796834,0.293803419,0.919407407,0.855274629,0.925925926,0.828538216,1.465447898,1.012309686,1.034095031,0.326312667,0.356333009,0.834668803,0.777050968,1.059405941,1.063991323,1.005183026,1.067464635,,,
Non-draught cattle,0.728707783,0.753499222,0.888858472,0.87001978,1.019146265,0.951483313,0.345469477,1.012472716,0.950015427,0.987215466,0.906818883,1.608679525,1.135581062,1.105302745,0.396107972,0.452654232,0.866684917,0.830460582,1.191997063,1.197122862,1.164634146,1.157954118,0.410594595,0.337405405,0.369513514
Non-draught cattle,0.647058824,0.63434266,0.840825558,0.808836269,0.918184625,0.877231444,0.327678824,0.905327245,0.855528406,0.903805175,0.84086744,1.605414274,1.041023843,1.034573469,0.35782649,0.406381487,0.839411931,0.794975455,1.060249554,1.073591414,1.042776999,1.0526118,0.311682692,0.271971154,0.302259615
Non-draught cattle,0.733657079,0.726537217,0.851087878,0.845733984,1,0.931940487,0.29612885,0.974126779,0.875408861,0.940168176,0.852215284,1.524077047,1.084296904,1.128790863,0.347941567,0.390898918,0.82141848,0.82332663,1.125140082,1.190938511,1.123461395,1.159511619,0.314731707,0.286536585,0.310585366
Non-draught cattle,0.688963211,0.718372821,0.866190322,0.835051546,0.963163597,0.908465991,0.330951608,0.953180843,0.89614561,0.936740529,0.886509636,1.430260047,1.092994162,1.114901257,0.368002889,0.424937448,0.851250406,0.826072498,1.114966555,1.122485472,1.112176814,1.127019749,0.295585106,0.240638298,0.291595745
Non-draught cattle,0.764784497,0.755242227,0.849005647,0.845955027,0.94895719,0.924054207,0.28701203,0.976009032,0.916293393,0.921253175,0.892217245,1.429519595,1.015241058,1.170830272,0.320801317,0.363608087,0.801374908,0.823727061,1.155362513,1.18329718,1.075583204,1.202424688,0.35638009,0.287873303,0.322217195
Non-draught cattle,0.717258262,0.696815287,0.830081812,0.804909149,0.936124911,0.879178273,0.276903713,0.921733054,0.86919105,0.903913347,0.870223752,1.610973801,1.031088083,1.052894627,0.312278211,0.350737346,0.814033984,0.805865477,1.07629539,1.072186837,1.051414906,1.051645148,0.315815217,0.251467391,0.299619565
Non-draught cattle,0.730055021,0.709037472,0.90506497,0.882159496,1.00176108,0.933855527,0.342084328,0.976258581,0.915268695,0.946224256,0.897924367,1.591621129,1.110812626,1.13027917,0.378632228,0.433176629,0.877220896,0.865442587,1.173658872,1.182586334,1.146071189,1.152111668,0.351756098,0.299414634,0.345219512
Non-draught cattle,0.684346701,0.680802554,0.84386252,0.837990685,0.942940746,0.899000714,0.324386252,0.917764329,0.892945764,0.906372375,0.845799362,1.447844228,1.065717874,1.068517689,0.362472568,0.414817915,0.833387889,0.793745842,1.111686072,1.148654811,1.079112599,1.128078818,0.290152284,0.230050761,0.275939086
Non-draught cattle,0.739224919,0.720663769,0.88281033,0.845275478,1.026808786,0.94239338,0.316023327,1.00856599,0.9049511,0.988895939,0.896393643,1.521688159,1.084551148,1.139029126,0.367571059,0.395963814,0.865592891,0.837282329,1.151394422,1.169893323,1.106123869,1.149902913,0.327536946,0.263399015,0.320738916
Non-draught cattle,0.740420272,0.684256433,0.875794155,0.848475016,0.969409283,0.914975507,0.304955527,0.958623088,0.902035185,0.960361613,0.908589169,1.467600701,1.103916867,1.136814847,0.337552743,0.383693046,0.877382465,0.854639844,1.135970334,1.140427388,1.101918465,1.128614588,0.285804878,0.239170732,0.277219512
Non-draught cattle,0.701952278,0.658031088,0.861653646,0.836850921,0.947726459,0.899531869,0.334960938,0.942328231,0.894058697,0.919188323,0.886900501,1.473807297,1.087615838,1.114208633,0.368421053,0.433445661,0.840494792,0.830150754,1.148373102,1.176636835,1.114995788,1.123201439,0.305189189,0.256108108,0.293351351
Non-draught cattle,0.662189662,0.660493827,0.828236021,0.811023622,0.937740469,0.877043597,0.325610133,0.909430122,0.877342419,0.891112619,0.871550256,1.4058927,1.057568438,1.15433213,0.368660371,0.42431562,0.811553908,0.805669291,1.091168091,1.135361552,1.079307568,1.16200361,0.2921,0.2384,0.28205
Non-draught cattle,0.666168224,0.814250412,0.867847807,0.894498186,0.992031873,0.978181818,0.350275922,0.847178906,0.971437951,0.86419053,0.948128693,1.531441718,1.146726862,0.944099379,0.400398406,0.453724605,0.88527447,0.873035067,1.117009346,1.218698517,1.124153499,0.967309578,0.297008929,0.251607143,0.285357143
Non-draught cattle,0.703955764,0.705134244,0.843780135,0.808759612,0.979112272,0.904637248,0.31179685,0.965073529,0.892949428,0.965073529,0.907715024,1.491787893,1.07405892,1.169281978,0.361805297,0.396890344,0.843780135,0.822133066,1.116546151,1.139425341,1.07405892,1.150261531,0.275422886,0.25119403,0.271542289
Non-draught cattle,0.660220994,0.691981332,0.82300062,0.815173275,0.899390244,0.901588398,0.304401736,0.908002736,0.892649573,0.917920657,0.870769231,1.415720127,1.041925466,1.092664093,0.332655827,0.38121118,0.831990081,0.795192007,1.047750592,1.107764107,1.030667702,1.12012012,0.27635,0.2499,0.28095
Non-draught cattle,0.687706271,0.659070599,0.817632081,0.802363756,0.911639461,0.86851457,0.287078294,0.907132768,0.863909509,0.877471751,0.838458819,1.521674141,1.02813405,1.034904014,0.320085167,0.373189905,0.790897518,0.778726198,1.059818482,1.09204647,1.062887878,1.066317627,0.293736842,0.239368421,0.284631579
Non-draught cattle,0.617351894,0.621048975,0.823254607,0.799254526,0.925051035,0.872928177,0.328315598,0.923435226,0.862148191,0.919068413,0.886559449,1.673343044,1.044672402,1.032096289,0.368912219,0.418596956,0.819361536,0.821884984,1.026869537,1.042723168,1.049636003,1.0036777,0.326590909,0.281272727,0.313909091
Non-draught cattle,0.68004378,0.717594322,0.843120805,0.857142857,0.952606635,0.945895522,0.321868009,0.936626281,0.929706601,0.92917055,0.924205379,1.657534247,1.060262318,1.100036377,0.363665087,0.408011343,0.836409396,0.852071006,1.099963517,1.136346657,1.06876994,1.106584212,0.328387097,0.272396313,0.29483871
Non-draught cattle,0.649706458,0.673236515,0.744355426,0.758849558,0.817273091,0.824189027,0.260742899,0.841498559,0.801714063,0.840263483,0.760810284,1.489550679,0.948860995,1.028977871,0.286285486,0.332868433,0.743262928,0.720132743,1,1.067427386,0.950255695,1.084299262,0.25037037,0.214391534,0.23026455
Non-draught cattle,0.72513089,0.707223001,0.862939139,0.805259241,0.965669989,0.908734602,0.314695695,0.958505084,0.899916828,0.940368233,0.911838093,1.437480215,1.054220579,1.080131363,0.352159468,0.391866913,0.846610589,0.815926569,1.141361257,1.138148668,1.074553296,1.066009852,0.332192982,0.280087719,0.312850877
Non-draught cattle,0.625597646,0.79145026,0.835528159,0.875,0.947870312,0.949300156,0.358924068,0.935676184,0.911316811,0.943206778,0.860853986,1.593502707,1.077033321,1.140878512,0.407183725,0.458975278,0.842252732,0.826548165,1.096726738,1.219336796,1.068434253,1.207756233,0.31879397,0.279095477,0.321055276
Non-draught cattle,0.724777735,0.805395843,0.874130106,0.8300214,0.973382749,0.935239408,0.306807867,0.989044848,0.91444931,0.955494694,0.938363085,1.570998279,1.054401209,1.232198142,0.341644205,0.383075179,0.844478064,0.851727301,1.116737534,1.200796108,1.091424254,1.200796108,0.29784689,0.245885167,0.286937799
Non-draught cattle,0.659611381,0.67049241,0.857953011,0.837434338,0.967417783,0.917045111,0.344585471,0.95319532,0.899346793,0.96939694,0.92131829,1.466841514,1.080963533,1.15396058,0.388550548,0.426898628,0.872535782,0.857893282,1.102359473,1.121436505,1.06289729,1.126441056,0.312949309,0.272442396,0.303640553
Non-draught cattle,0.675561798,0.697656841,0.837773042,0.83484225,0.947574571,0.904040404,0.325253063,0.935176925,0.889505992,0.88700565,0.822566501,1.604262432,1.017741385,1.120669056,0.367881892,0.416581372,0.794619073,0.772016461,1.104283708,1.150037793,1.073012624,1.211867782,0.336995074,0.283103448,0.321231527
Non-draught cattle,0.688646118,0.573873122,0.810856658,0.789933081,0.912503977,0.867689358,0.311846197,0.901036758,0.868244324,0.935281181,0.888711225,1.559640872,1.147648419,1.148821827,0.350938594,0.425212028,0.841673735,0.808553971,1.119001171,1.133138564,1.105628373,1.122364613,0.295841584,0.286534653,0.307772277
Non-draught cattle,0.757425743,0.721000758,0.867852605,0.822321664,0.996207701,0.901587302,0.323506989,0.987850738,0.898217366,0.985536592,0.921219091,1.670651755,1.214616756,1.175348496,0.371353559,0.453832442,0.865819568,0.843379837,1.207567185,1.184230478,1.217468806,1.146001467,0.3592,0.31585,0.35865
Non-draught cattle,0.644251627,0.634744757,0.793381759,0.776473875,0.906547802,0.848031736,0.313962873,0.89689781,0.846997867,0.941605839,0.876257239,1.531454248,1.119305857,1.096491228,0.358745773,0.421908894,0.832929782,0.80329701,1.066160521,1.099722992,1.066160521,1.059877956,0.321421569,0.285539216,0.310490196
Non-draught cattle,0.721442246,0.681803116,0.848065651,0.793909348,0.958653591,0.873960499,0.317936694,0.947106572,0.873733437,0.931133805,0.895817095,1.472770592,1.092473118,1.188146106,0.359395706,0.416589862,0.833763189,0.813975449,1.154116146,1.11468346,1.111213518,1.158855961,0.352241379,0.285172414,0.321508621
Non-draught cattle,0.704246524,0.669603524,0.772464963,0.761491031,0.866255778,0.843003413,0.257488321,0.845413534,0.819113657,0.855639098,0.828459451,1.511466011,1.023013305,1.136946628,0.288751926,0.336929162,0.781808189,0.770179372,1.056369786,1.088105727,1.010787487,1.124120811,0.284930876,0.262304147,0.270875576
Non-draught cattle,0.677165354,0.67209934,0.804169966,0.774193548,0.938404681,0.842737095,0.30482977,0.907926103,0.836959762,0.911203814,0.84023845,1.446679317,1.05666897,1.086738628,0.355712966,0.399101589,0.807073106,0.777226358,1.090551181,1.089639115,1.052868003,1.082498072,0.318243902,0.269804878,0.307073171
Non-draught cattle,0.721680672,0.699736941,0.84201302,0.768728791,0.979609671,0.848947824,0.304456685,0.954855196,0.833333333,0.893810335,0.800509338,1.460756833,1.013196009,1.032105071,0.354209147,0.391374316,0.788182273,0.738449491,1.130420168,1.106726794,1.082394593,1.074425392,0.36920398,0.304228856,0.334427861
Non-draught cattle,0.641908007,0.683068578,0.866363149,0.840831435,0.964807635,0.908895045,0.361810391,0.923494148,0.869296438,0.883813874,0.863997645,1.571038251,1.050916497,1.100074963,0.402922756,0.458587916,0.829137654,0.83570615,1.102214651,1.144130182,1.098099117,1.106821589,0.357905759,0.310575916,0.347329843
Non-draught cattle,0.637251074,0.655744504,0.789125864,0.765657776,0.893841443,0.857958361,0.298888555,0.864429089,0.844907407,0.854886476,0.815806878,1.381953028,0.974128234,1.018159307,0.338550527,0.373078365,0.780414539,0.739286785,1.025771183,1.059726255,0.985001875,1.05447792,0.281682692,0.246971154,0.271057692
Non-draught cattle,0.646105041,0.674204676,0.817014446,0.805360043,0.958267964,0.912296841,0.326645265,0.950513539,0.877063679,0.95393713,0.873231132,1.663329161,1.065345846,1.096225019,0.383118921,0.424400417,0.819957196,0.801840823,1.076489249,1.140283634,1.061522419,1.101036269,0.34575,0.2896,0.3193
Non-draught cattle,0.704780115,0.654049654,0.85358879,0.808602771,0.979652117,0.925033025,0.326565628,0.985473754,0.92198815,0.948827996,0.889071758,1.6349065,1.076807793,1.140625,0.37479488,0.427875609,0.821847298,0.779734411,1.141491396,1.14000814,1.118396403,1.18285473,0.325873016,0.274973545,0.325873016
Non-draught cattle,0.689684329,0.704203743,0.840771231,0.814616756,0.95544067,0.888672825,0.310658579,0.944512047,0.869027811,0.874665369,0.844307107,1.606578523,0.975305292,1.081278539,0.353028065,0.389145183,0.778596187,0.79144385,1.093855693,1.121816508,1.053188602,1.112937595,0.38279661,0.297372881,0.337118644
Non-draught cattle,0.655866625,0.651025374,0.818361303,0.798069397,0.909739369,0.838311866,0.303800592,0.904034896,0.841772152,0.854961832,0.791964777,1.500953592,0.962849248,1.00348675,0.337722908,0.377955173,0.773938796,0.7508479,1.043095313,1.063260341,1.01811483,1.066596932,0.363472222,0.309768519,0.324166667
Non-draught cattle,0.745266781,0.676524279,0.839939024,0.796780153,0.975509,0.880431613,0.289888211,0.985101311,0.880945433,0.947854589,0.854391596,1.502832861,1.049488618,1.079248065,0.336677486,0.376443418,0.808180894,0.772763262,1.138037866,1.10222709,1.090729132,1.112790269,0.335592417,0.290379147,0.318909953
Non-draught cattle,0.743320611,0.676170363,0.889822372,0.83047477,0.986691509,0.901754386,0.328852616,0.951488706,0.874836345,0.929414784,0.859387274,1.575008243,1.094619105,1.093635455,0.364652648,0.414147521,0.869179069,0.815809098,1.179071247,1.175994368,1.120616687,1.113295568,0.401971154,0.328028846,0.365240385
Non-draught cattle,0.688940862,0.645254421,0.832211419,0.801573205,0.941873589,0.891869001,0.318125156,0.956721124,0.889358108,0.936658068,0.896959459,1.60683425,1.029291339,1.109331476,0.360045147,0.401889764,0.814759412,0.808424258,1.115268961,1.140021653,1.051338583,1.099930362,0.324618834,0.291345291,0.310224215
Non-draught cattle,0.624678663,0.631949883,0.784329564,0.773187415,0.906911582,0.886171214,0.326332795,0.903255814,0.842073897,0.87379845,0.838796186,1.459728868,0.965729952,1.060263653,0.377334994,0.415352981,0.758750673,0.770177839,1.069775982,1.106499608,0.998286498,1.06440678,0.311895735,0.26549763,0.294881517
Non-draught cattle,0.687173177,0.622429306,0.80484364,0.791969037,0.915730337,0.881292059,0.279567364,0.902214022,0.862032649,0.897469689,0.859399684,1.517560664,0.96159277,1.029003783,0.318084537,0.335780853,0.800611333,0.789550073,1.052906798,1.052056555,0.96667608,1.032156368,0.357963801,0.298461538,0.330995475
Non-draught cattle,0.709177592,0.729835212,0.833526346,0.835304823,0.944553806,0.912827312,0.316734221,0.939928175,0.903543307,0.912830558,0.863188976,1.42692466,1.069216061,1.098080134,0.358923885,0.418355641,0.809496236,0.79799818,1.14382201,1.194275802,1.100956023,1.149415693,0.304292929,0.256313131,0.299646465
Non-draught cattle,0.679794521,0.68481772,0.786130914,0.774313792,0.884433102,0.826102675,0.271548931,0.871721164,0.823423423,0.866690622,0.811531532,1.455951265,0.990147783,1.070851165,0.305504922,0.344006568,0.781594297,0.763131142,1.038527397,1.054453161,0.99589491,1.086543034,0.30198895,0.261823204,0.282375691
Non-draught cattle,0.721447254,0.721327968,0.918332185,0.897751994,1.027767065,0.949386503,0.348035837,1.025789069,0.964174455,1.011547344,0.921339564,1.606031594,1.112145578,1.129355609,0.38951022,0.427422768,0.905582357,0.85786802,1.161726242,1.245472837,1.127803639,1.181861575,0.30967033,0.271153846,0.301593407
Non-draught cattle,0.6888339,0.658295012,0.874873865,0.812048193,0.986348123,0.87230371,0.313067608,0.950397369,0.850294365,0.920252124,0.870199047,1.583988028,1.020979021,1.06630024,0.352957907,0.377318334,0.847124117,0.831057564,1.072687906,1.072868765,1.054423837,1.041909997,0.360943396,0.295613208,0.331084906
Non-draught cattle,0.868402025,0.785471056,1.008599168,0.88740458,1.180902891,0.966735967,0.342302358,1.099485939,0.972512698,1.041729664,0.939049895,1.896099025,1.208347948,1.103194103,0.400779474,0.432830586,0.955617198,0.856870229,1.314533623,1.231555051,1.275341985,1.142506143,0.424321608,0.309396985,0.360603015
Non-draught cattle,0.678189049,0.629439891,0.8059092,0.810123395,0.928334256,0.880405036,0.273360557,0.918926322,0.870635995,0.907148726,0.864140731,1.560474816,0.976415094,1.090505464,0.314886552,0.335495283,0.79558011,0.804079577,1.026307739,1.098702186,0.989091981,1.098702186,0.35716895,0.288949772,0.314246575
Non-draught cattle,0.708439898,0.67491494,0.832023355,0.773938573,0.976027397,0.870459741,0.272176061,0.937025797,0.862789527,0.906929691,0.865055388,1.505221932,0.981927711,1.091140044,0.319283456,0.331872946,0.805299798,0.775971093,1.052855925,1.060006186,1.014512596,1.088281994,0.354355556,0.278488889,0.338711111
Non-draught cattle,0.669565217,0.681596091,0.827586207,0.821675173,0.907983328,0.853978159,0.310052601,0.881419234,0.840860215,0.873638344,0.834101382,1.642301711,1.032744665,1.075673534,0.340173132,0.390360559,0.820280538,0.815070549,1.070699433,1.114413681,1.041942605,1.084389857,0.303696682,0.266303318,0.281374408
Non-draught cattle,0.659063625,0.648939641,0.805911101,0.749881573,0.932166891,0.835797254,0.294856877,0.926679154,0.830753083,0.905004014,0.85305694,1.55789111,0.977739231,1.032391235,0.341049798,0.366290836,0.78706074,0.770014211,1.039315726,1.032952692,1.001156404,1.005398539,0.347818182,0.296863636,0.316454545
Non-draught cattle,0.650541272,0.624374553,0.784381995,0.760448522,0.909982689,0.850384725,0.306142751,0.905801264,0.833985467,0.881102814,0.811347121,1.510390084,0.928290469,1.028703047,0.355164455,0.372465961,0.76299428,0.73980632,1.066982409,1.066476054,0.954311649,1.057406095,0.313090909,0.255636364,0.296181818
Non-draught cattle,0.670798065,0.62201279,0.827134001,0.77712322,0.969265158,0.868825467,0.298044826,0.959878251,0.846071619,0.924460432,0.827365045,1.476752022,0.941657272,1.048780488,0.34925957,0.352311161,0.796614211,0.75994109,1.048669891,1.065634467,0.977733935,1.072493225,0.335339367,0.283529412,0.317918552
Non-draught cattle,0.664033264,0.597300827,0.765597148,0.765924067,0.862449799,0.829144022,0.291146762,0.862161258,0.812853813,0.867179659,0.820512821,1.419763169,1.012895662,1.122551253,0.327978581,0.382962095,0.770053476,0.773140885,1.071517672,1.062690466,1.007033998,1.112072893,0.292060302,0.226532663,0.266532663
Non-draught cattle,0.723904524,0.694112967,0.838824822,0.796280401,0.928853755,0.858156028,0.280889621,0.93568147,0.850290254,0.919448698,0.853956615,1.759153784,0.997673646,1.0591133,0.311036789,0.33998006,0.824272378,0.799713877,1.088350552,1.107000796,1.015287471,1.054566124,0.331512195,0.281365854,0.315560976
Non-draught cattle,0.731218198,0.687686691,0.884332024,0.815480649,0.9646397,0.887741234,0.284381139,0.979597388,0.893081761,0.947225245,0.878042111,1.571149463,1.015752625,1.110304288,0.310206268,0.337806301,0.855108055,0.801747815,1.077821012,1.083969466,1.050466744,1.129322268,0.331851852,0.289012346,0.302962963
Non-draught cattle,0.665658602,0.640437158,0.820267204,0.792567211,0.91020979,0.900569033,0.320897404,0.933180384,0.872099768,0.889303126,0.879060325,1.566591422,0.997426825,1.115568642,0.356083916,0.409456417,0.781699017,0.798892989,1.093413978,1.095446266,1.046638791,1.10673537,0.345235849,0.265849057,0.312830189
Non-draught cattle,0.683578104,0.675382891,0.820552947,0.78429263,0.93994622,0.844727694,0.286384977,0.942480527,0.852880959,0.926003595,0.82626499,1.630847953,0.986594319,1.014727011,0.328054975,0.350462815,0.806207616,0.759817106,1.050066756,1.089279044,1.004149378,1.047413793,0.308883721,0.275023256,0.298976744
Non-draught cattle,0.651408451,0.645682835,0.840412164,0.791623844,0.921974083,0.861095584,0.32897713,0.944365998,0.845963756,0.927421632,0.827018122,1.618902439,1.001830384,1.073031706,0.360904329,0.399328859,0.825332998,0.77389517,1.070422535,1.059855521,1.020134228,1.09761311,0.393115578,0.337788945,0.350301508
Non-draught cattle,0.670543854,0.661956906,0.869315342,0.837487284,0.935466523,0.884026846,0.336331834,0.913363087,0.857998958,0.862956156,0.819697759,1.568596352,1.034949622,1.086325967,0.361925249,0.423803526,0.82133933,0.800101729,1.093681232,1.163193218,1.095403023,1.137085635,0.364782609,0.284879227,0.343574879
Non-draught cattle,0.65562249,0.673875131,0.859573388,0.849831125,0.96659052,0.912412831,0.362112748,0.942634364,0.905091312,0.921470343,0.878527947,1.526526527,1.04881141,1.084728391,0.407195888,0.451980983,0.840274251,0.824889582,1.132864793,1.140913847,1.072900158,1.117526478,0.332974138,0.276163793,0.307887931
Chillingham,0.682596934,0.727526782,0.896161755,0.878378378,1.020288724,0.965714286,0.377313228,1.004996157,0.961319681,0.960415065,0.902161547,1.487733072,1.128216704,1.100879223,0.429574717,0.497065463,0.856408499,0.824324324,1.178990081,1.18071728,1.180586907,1.173068024,0.298813559,0.27259887,0.315875706
Chillingham,0.69894447,0.712541099,0.896117166,0.894460028,1.008819018,0.974035892,0.377384196,0.993204983,0.965191071,0.937334843,0.897086644,1.467982667,1.120993228,1.10227801,0.424846626,0.500225734,0.845708447,0.831346424,1.207434603,1.198215124,1.187810384,1.185960019,0.302960894,0.273463687,0.311899441
Chillingham,0.640193067,0.653758542,0.89294238,0.876035912,0.998475029,0.945583302,0.395499489,0.987929083,0.93997777,0.932101094,0.872915895,1.45113144,1.067847882,1.060306031,0.442241708,0.501296456,0.8424821,0.813535912,1.14918824,1.155808656,1.131806396,1.141764176,0.302914286,0.272628571,0.317657143
Chillingham,0.702734839,0.763114072,0.922026699,0.919777846,1.059993024,1.018796992,0.384101942,1.035081744,0.989051095,0.990463215,0.928666224,1.494395516,1.134165367,1.154226804,0.441576561,0.49375975,0.882281553,0.863622339,1.20451843,1.241049126,1.18525741,1.229278351,0.340797872,0.28462766,0.341542553
Chillingham,0.729158357,0.785802724,0.948989114,0.962216625,1.052795031,1.041226576,0.380404355,1.03248731,1.002624672,0.968527919,0.968832021,1.547063556,1.103740841,1.183092949,0.422015183,0.471654454,0.890202177,0.929785894,1.216992421,1.261246389,1.176629387,1.224358974,0.340962567,0.289572193,0.348877005
Chillingham,0.66192026,0.684232194,0.918534891,0.867709352,1.047910663,0.969774217,0.404799495,1.022136332,0.961719032,0.952916374,0.890574215,1.416666667,1.089594215,1.002846686,0.461815562,0.515066292,0.856330913,0.803519062,1.183482506,1.096335941,1.168742467,1.082960553,0.339217877,0.284022346,0.333128492
Chillingham,0.697751873,0.718505647,0.916931891,0.932181285,1.05030988,1.012393768,0.383513686,1.001042391,0.997209627,0.968728284,0.945936519,1.463930886,1.133794225,1.132359081,0.439300036,0.4900366,0.887332909,0.884251712,1.199417152,1.24196351,1.171614477,1.193736952,0.322747253,0.285384615,0.336923077
Chillingham,0.658000896,0.646602827,0.871963914,0.878863233,0.990930599,0.9585432,0.36259542,0.962466488,0.949712092,0.90693221,0.892130518,1.366360561,1.051043054,1.044025157,0.412066246,0.46382601,0.821651631,0.825577265,1.126400717,1.128134975,1.115401687,1.111410602,0.284033149,0.255303867,0.29441989
Chillingham,0.74311491,0.705625606,0.901504298,0.918144097,1.026927785,0.988225741,0.340974212,1.000795229,0.957137239,0.933200795,0.899724735,1.381701918,1.093153237,1.050505051,0.388412893,0.443409408,0.840616046,0.863070539,1.195156695,1.180407371,1.172333489,1.117539027,0.291638418,0.256045198,0.29920904
Chillingham,0.722725107,0.744584383,0.911817853,0.903021261,1.030637255,0.980558931,0.363570654,1.010412495,0.974245473,0.962755306,0.882897384,1.369929692,1.169829684,1.106404438,0.410947712,0.489537713,0.868810987,0.818351361,1.202000953,1.219647355,1.227737226,1.220877458,,,
Chillingham,0.694070081,0.720363289,0.881509962,0.908129785,0.978277735,0.970771629,0.34148899,0.961494472,0.944275967,0.916507815,0.896133434,1.489648033,1.11090573,1.101071262,0.37897595,0.451478743,0.840265641,0.861830113,1.132973944,1.190726577,1.165434381,1.160223568,0.30299435,0,0.306101695
Chillingham,0.755766621,0.70508167,0.89952957,0.86770692,1.023709369,0.953410362,0.338037634,1.011715797,0.945656192,0.951625094,0.881330869,1.426082863,1.105355575,1.060026679,0.384703633,0.441615452,0.846102151,0.808683853,1.21076436,1.16061706,1.175153644,1.137394398,0.310163934,0.266174863,0.308142077
Chillingham,0.731685393,0.768421053,0.92709393,0.915434857,1.053158706,1,0.375042387,1.026276276,0.986661727,0.963213213,0.927751019,1.379229323,1.119546248,1.151793928,0.426040062,0.482547993,0.870125466,0.860776899,1.228764045,1.218764302,1.192844677,1.224931003,0.298010753,0.264032258,0.307956989
Chillingham,0.672374944,0.734468477,0.900239973,0.903799233,1.031421838,1,0.388755571,1.017435103,0.983314372,0.944982565,0.918467956,1.484092022,1.069267865,1.087561742,0.445404556,0.497150373,0.836133013,0.844196584,1.183415953,1.193281178,1.151249452,1.164346655,0.291833333,0.265111111,0.313444444
Chillingham,0.691793042,0.685245902,0.878985259,0.873680507,0.984261036,0.950976637,0.347274597,0.962823883,0.949159021,0.911753661,0.90175841,1.473604827,1.094186571,1.080128205,0.388867562,0.456511942,0.832362016,0.830049261,1.143621766,1.162997658,1.155475439,1.136904762,0.293483146,0.266910112,0.305393258
Chartley,0.807901907,0.788120246,0.922895975,0.901234568,1.044056771,1.004979496,0.302927339,1.030347242,0.979446189,0.996206595,0.926348844,1.621759891,1.091432225,1.211272863,0.342696629,0.370524297,0.892315734,0.8523772,1.202656676,1.242665701,1.128836317,1.280701754,0.360380952,0.316952381,0.355
Chartley,0.870486656,0.763510592,0.949668475,0.910308315,1.065967524,0.992192804,0.28119349,1.041997354,0.972388556,0.98776455,0.951097804,1.672448568,1.128021148,1.233390854,0.315629229,0.35234139,0.900241109,0.89037683,1.236656201,1.263726762,1.189954683,1.261000863,0.35016129,0.319139785,0.348602151
Chartley,0.751560549,0.728171896,0.873568591,0.841311012,0.987843552,0.926512594,0.310820285,0.985239852,0.908119114,0.932261465,0.890048358,1.555102041,1.053619303,1.156033058,0.351479915,0.396187072,0.826594999,0.824569677,1.166666667,1.21691678,1.113494191,1.179504132,0.381028037,0.330186916,0.360841121
Non-draught cattle,0.756880734,0.744091581,0.861859482,0.833826297,0.974611708,0.939412299,0.295298468,0.994210847,0.925395404,0.946678854,0.891972546,1.495758023,1.095943563,1.133055345,0.333930705,0.394356261,0.820655045,0.803710675,1.151376147,1.145125554,1.150970018,1.175511751,0.322878049,0.289902439,0.334
Non-draught cattle,0.762304464,0.682319314,0.931587057,0.8647631,1.027532291,0.908371786,0.31587057,1.007666667,0.901537455,0.975333333,0.900556101,1.414779499,1.121932515,1.1168357,0.348402447,0.393021472,0.901694915,0.863821776,1.153376574,1.125357289,1.159125767,1.118052738,0.298502415,0.260241546,0.290386473
Romanian Grey & Brown (draught),0.788467565,0.763779528,0.902146319,0.863636364,1.01796875,0.936757873,0.321486268,1.002307692,0.909751817,0.97974359,0.909250439,1.61640878,1.079073708,1.142722117,0.362760417,0.393391697,0.881837064,0.8631604,1.225007835,1.242382746,1.103925445,1.143352237,0.389076035,0.34427334,0.386669875
Romanian Grey & Brown (draught),0.840604505,0.881386861,0.932715118,0.923784494,1.033946928,0.982987649,0.296959241,1.012643409,0.961696306,0.940060876,0.919060648,1.663366337,1.061607615,1.163347763,0.329189577,0.364093072,0.865861548,0.88282961,1.23324779,1.282846715,1.143574828,1.217316017,0.383706816,0.344537815,0.40681606
Romanian Grey & Brown (draught),0.843149222,0.920634921,0.934328358,0.976874391,1.059911435,1.039906712,0.299885189,1.06379085,1.007026349,1.021176471,0.913927227,1.673782772,1.096267191,1.147448015,0.340192759,0.366545046,0.896900115,0.886562804,1.241684468,1.327050265,1.142015156,1.264335224,0.372450392,0.31702815,0.382464236
Romanian Grey & Brown (draught),0.792792793,0.76327664,0.90213696,0.86497996,1.000269251,0.917618921,0.303788247,0.985934183,0.897815913,0.947983015,0.891315653,1.569476082,1.059940653,1.156545209,0.336833603,0.371216617,0.867411365,0.858717435,1.195302445,1.198542173,1.102373887,1.164979757,0.371137835,0.312164662,0.346901018
Romanian Grey & Brown (draught),0.783068783,0.787270841,0.919713628,0.925396413,1.014382403,1.009070295,0.314241882,1.002229033,0.979636764,0.986068543,0.96367639,1.580265096,1.112893082,1.176352032,0.346587704,0.386477987,0.904883661,0.91031973,1.189484127,1.231407817,1.131132075,1.195834733,0.351329535,0.327397911,0.358309592
Romanian Grey & Brown (draught),0.801521667,0.796616144,0.928261425,0.89004419,1.040939021,0.979405034,0.309675772,1.023936919,0.93988471,1.007603492,0.921767774,1.695652174,1.089856838,1.129119032,0.34726596,0.369479135,0.913454174,0.872887965,1.202778697,1.206908706,1.107523606,1.151311365,0.341900452,0.305294118,0.336651584
Romanian Grey & Brown (draught),0.75960347,0.836111111,0.854186047,0.854480287,0.957008859,0.92093742,0.283953488,0.958507307,0.910155256,0.94545929,0.910155256,1.671516915,1.060286801,1.212614446,0.318134445,0.357330992,0.84255814,0.854480287,1.137856258,1.241666667,1.07491952,1.212614446,0.362943024,0.328353522,0.342664872
Romanian Grey & Brown (draught),0.881716678,0.859375,0.980292943,0.910766765,1.07883939,0.98469093,0.307323569,1.088087496,0.988115942,0.982855454,0.945507246,1.651587302,1.123690436,1.211288526,0.338218054,0.38999662,0.885486019,0.871493454,1.284368458,1.299161585,1.244001352,1.265874489,0.347453477,0.315768854,0.360186092
Romanian Grey & Brown (draught),0.931853704,0.828776487,1.024236549,0.882787491,1.119470199,0.947911158,0.301745032,1.128136679,0.944166447,1.007741591,0.925467474,1.881441302,1.166563659,1.172114743,0.329801325,0.38473424,0.914929714,0.865304112,1.321037824,1.225222146,1.305933251,1.195797198,0.386442953,0.325324385,0.362729306
Romanian Grey & Brown (draught),0.740774077,0.810618323,0.886306676,0.956030754,0.999486125,1.033775006,0.323763955,0.984560871,0.994501375,0.966084536,0.954261435,1.633600534,1.075817362,1.197240514,0.365107914,0.400507328,0.869674185,0.917347429,1.167116712,1.288119132,1.096392334,1.24772656,0.363048106,0.333503619,0.355938697
Romanian Grey & Brown (draught),1.039535613,0.903605855,1.112693653,1.042315042,1.340054168,1.156268928,0.284857571,1.256489842,1.091480846,1.135440181,1.062893082,1.597232338,1.119643851,1.26894198,0.343063497,0.317195326,1.005497251,1.015015015,1.397238783,1.363084613,1.23900946,1.303071672,0.379424671,0.362018528,0.411799122
Romanian Grey & Brown (draught),0.921646746,0.761034483,1.069761202,0.971888646,1.142406877,1.045814978,0.324926214,1.125635234,1.01917573,1.02173913,0.969089868,1.690343176,1.165164198,1.244395443,0.346991404,0.389890534,0.97102227,0.924126638,1.323705179,1.227931034,1.283644559,1.308710033,0.337882883,0.303153153,0.352342342
Romanian Grey & Brown (draught),0.964671954,0.822456425,1.046018187,0.913608784,1.171243443,1.01184,0.308624966,1.177784673,0.994652406,1.067949116,1.012582573,1.603000811,1.199303136,1.272835113,0.345572354,0.390243902,0.948470653,0.930078012,1.368421053,1.281718687,1.322648084,1.25029656,0.334641806,0.312708538,0.353140334
Romanian Grey & Brown (non-draught),0.663504111,0.679716504,0.812352106,0.786519549,0.930856833,0.872074468,0.315901562,0.936187619,0.870916335,0.950095446,0.882071713,1.439597315,1.024103469,1.082111437,0.361984816,0.392416226,0.824420256,0.796593907,1.08570525,1.106648667,1.009112287,1.068426197,0.335133986,0.306550404,0.309017439
Romanian Grey & Brown (non-draught),0.698214286,0.728140512,0.843989071,0.851487928,0.937196602,0.910537376,0.309836066,0.932106216,0.883483833,0.936632468,0.885814157,1.504518664,1.085314685,1.150586455,0.344053398,0.396503497,0.848087432,0.853733857,1.103214286,1.158075601,1.08006993,1.147559591,0.324903475,0.299662162,0.315926641
Romanian Grey & Brown (non-draught),0.710029791,0.660283688,0.832418238,0.847749115,0.949618736,0.935006974,0.320362855,0.946525516,0.898177921,0.951140065,0.883172562,1.332713063,1.070904645,1.089226702,0.36546841,0.410146699,0.836476486,0.833586242,1.154253558,1.188652482,1.065709046,1.107732981,0.340915149,0.310750777,0.322301199
Romanian Grey & Brown (non-draught),0.772759104,0.779201206,0.907712766,0.896542336,1.016076213,0.975125851,0.320744681,1.01728763,0.951734104,1.023845007,0.95433526,1.498264558,1.173957621,1.252655539,0.359035427,0.412166781,0.91356383,0.898992649,1.195028011,1.240768651,1.166438824,1.249241275,0.343426673,0.325154248,0.334978643
Romanian Grey & Brown (non-draught),0.749245726,0.705278073,0.851716581,0.818974104,0.974101921,0.916155989,0.30752374,0.988414806,0.913611111,0.984458887,0.930833333,1.496551724,1.062519061,1.140571818,0.351712615,0.385178408,0.848307767,0.834412351,1.172644988,1.165072618,1.066788655,1.119469027,0.3461503,0.33725219,0.335546335
Romanian Grey & Brown (non-draught),0.718361866,0.66234676,0.845275686,0.810579345,0.966129928,0.892896781,0.325479718,0.950819672,0.864821285,0.947540984,0.871002419,1.30623608,1.060874885,1.073889993,0.372015547,0.409911288,0.842360942,0.816372796,1.168177241,1.127145359,1.064545733,1.066269052,0.344664566,0.312877082,0.316073841